ActivityId;LapNumber;TrackNumber;AltitudeMeters;DistanceMeters;RunCadence;Speed;HeartRateBpm;LatitudeDegrees;LongitudeDegrees;Time
9/4/2024 10:51:44 PM;1;1;188.60000610351562;0.0;50;1.343999981880188;89;38.75661972910166;-90.56183997541666;2024-09-04 22:51:44Z
9/4/2024 10:51:44 PM;1;2;188.39999389648438;1.1200000047683716;50;1.305999994277954;91;38.7566245906055;-90.56185238063335;2024-09-04 22:51:45Z
9/4/2024 10:51:44 PM;1;3;188.39999389648438;9.710000038146973;0;1.3530000448226929;91;38.75662215985358;-90.56195153854787;2024-09-04 22:51:50Z
9/4/2024 10:51:44 PM;1;4;187.0;26.90999984741211;78;2.378999948501587;89;38.75663406215608;-90.5621485132724;2024-09-04 22:51:57Z
9/4/2024 10:51:44 PM;1;5;186.39999389648438;49.22999954223633;79;2.5940001010894775;90;38.75662760809064;-90.56240340694785;2024-09-04 22:52:05Z
9/4/2024 10:51:44 PM;1;6;186.39999389648438;70.80000305175781;80;2.575000047683716;92;38.756624003872275;-90.56265109218657;2024-09-04 22:52:13Z
9/4/2024 10:51:44 PM;1;7;186.39999389648438;75.93000030517578;81;2.5940001010894775;95;38.75662710517645;-90.56270993314683;2024-09-04 22:52:15Z
9/4/2024 10:51:44 PM;1;8;186.0;80.63999938964844;83;2.621999979019165;98;38.756631379947066;-90.56276416406035;2024-09-04 22:52:17Z
9/4/2024 10:51:44 PM;1;9;186.0;88.20999908447266;80;2.6500000953674316;101;38.75663657672703;-90.5628512520343;2024-09-04 22:52:20Z
9/4/2024 10:51:44 PM;1;10;186.1999969482422;98.2699966430664;81;2.6589999198913574;104;38.75664956867695;-90.56296574883163;2024-09-04 22:52:24Z
9/4/2024 10:51:44 PM;1;11;186.60000610351562;106.30000305175781;79;2.6589999198913574;105;38.75664923340082;-90.56305811740458;2024-09-04 22:52:27Z
9/4/2024 10:51:44 PM;1;12;186.60000610351562;117.7300033569336;80;2.6500000953674316;106;38.756654765456915;-90.56318879127502;2024-09-04 22:52:32Z
9/4/2024 10:51:44 PM;1;13;186.8000030517578;126.66000366210938;79;2.63100004196167;109;38.75665929168463;-90.56329138576984;2024-09-04 22:52:36Z
9/4/2024 10:51:44 PM;1;14;187.0;136.17999267578125;80;2.5940001010894775;111;38.75664713792503;-90.56339942850173;2024-09-04 22:52:40Z
9/4/2024 10:51:44 PM;1;15;186.60000610351562;152.38999938964844;79;2.5380001068115234;114;38.75665417872369;-90.56358492001891;2024-09-04 22:52:47Z
9/4/2024 10:51:44 PM;1;16;186.60000610351562;154.8699951171875;79;2.5290000438690186;114;38.7566571123898;-90.5636131670326;2024-09-04 22:52:48Z
9/4/2024 10:51:44 PM;1;17;186.39999389648438;161.91000366210938;80;2.5190000534057617;117;38.75666817650199;-90.56369304656982;2024-09-04 22:52:51Z
9/4/2024 10:51:44 PM;1;18;186.0;171.9600067138672;79;2.4820001125335693;120;38.756675301119685;-90.5638082139194;2024-09-04 22:52:56Z
9/4/2024 10:51:44 PM;1;19;186.39999389648438;179.02000427246094;79;2.4539999961853027;122;38.756670858711004;-90.56388993747532;2024-09-04 22:52:59Z
9/4/2024 10:51:44 PM;1;20;186.0;196.94000244140625;79;2.4260001182556152;123;38.75666297972202;-90.56409546174109;2024-09-04 22:53:06Z
9/4/2024 10:51:44 PM;1;21;185.8000030517578;217.69000244140625;78;2.4170000553131104;122;38.75664671882987;-90.56433292105794;2024-09-04 22:53:14Z
9/4/2024 10:51:44 PM;1;22;185.8000030517578;220.27999877929688;78;2.4170000553131104;122;38.75664722174406;-90.56436276063323;2024-09-04 22:53:15Z
9/4/2024 10:51:44 PM;1;23;186.0;238.49000549316406;79;2.4170000553131104;121;38.7566589564085;-90.56456996127963;2024-09-04 22:53:22Z
9/4/2024 10:51:44 PM;1;24;186.0;257.3699951171875;79;2.4260001182556152;122;38.756681671366096;-90.56478386744857;2024-09-04 22:53:30Z
9/4/2024 10:51:44 PM;1;25;186.0;270.25;78;2.434999942779541;125;38.75668058171868;-90.56493147276342;2024-09-04 22:53:35Z
9/4/2024 10:51:44 PM;1;26;185.60000610351562;277.8999938964844;79;2.434999942779541;126;38.756683096289635;-90.56501956656575;2024-09-04 22:53:38Z
9/4/2024 10:51:44 PM;1;27;185.60000610351562;299.7099914550781;79;2.4539999961853027;128;38.75669055618346;-90.56527018547058;2024-09-04 22:53:47Z
9/4/2024 10:51:44 PM;1;28;185.0;316.1400146484375;78;2.444999933242798;127;38.7566882930696;-90.56545726954937;2024-09-04 22:53:53Z
9/4/2024 10:51:44 PM;1;29;184.8000030517578;321.9599914550781;78;2.4539999961853027;124;38.75668980181217;-90.56552432477474;2024-09-04 22:53:56Z
9/4/2024 10:51:44 PM;1;30;184.39999389648438;334.0899963378906;79;2.444999933242798;122;38.75669692642987;-90.56566346436739;2024-09-04 22:54:02Z
9/4/2024 10:51:44 PM;1;31;183.8000030517578;349.2799987792969;78;2.369999885559082;121;38.75669617205858;-90.56583881378174;2024-09-04 22:54:10Z
9/4/2024 10:51:44 PM;1;32;183.0;365.6499938964844;79;2.239000082015991;120;38.75671662390232;-90.56603134609759;2024-09-04 22:54:18Z
9/4/2024 10:51:44 PM;1;33;182.60000610351562;380.1099853515625;76;2.1089999675750732;117;38.7567160371691;-90.56619755923748;2024-09-04 22:54:26Z
9/4/2024 10:51:44 PM;1;34;182.60000610351562;383.29998779296875;76;2.071000099182129;117;38.75671913847327;-90.56623469106853;2024-09-04 22:54:28Z
9/4/2024 10:51:44 PM;1;35;182.0;401.0;76;1.9780000448226929;116;38.75673179514706;-90.56643728166819;2024-09-04 22:54:37Z
9/4/2024 10:51:44 PM;1;36;181.0;415.739990234375;76;1.968999981880188;116;38.75672232359648;-90.56660575792193;2024-09-04 22:54:43Z
9/4/2024 10:51:44 PM;1;37;180.1999969482422;434.5199890136719;79;2.0810000896453857;113;38.756717294454575;-90.566819999367;2024-09-04 22:54:50Z
9/4/2024 10:51:44 PM;1;38;178.8000030517578;451.4800109863281;78;2.2019999027252197;112;38.75671989284456;-90.56701546534896;2024-09-04 22:54:58Z
9/4/2024 10:51:44 PM;1;39;178.39999389648438;464.2799987792969;78;2.0810000896453857;112;38.75673699192703;-90.56716114282608;2024-09-04 22:55:05Z
9/4/2024 10:51:44 PM;1;40;177.0;486.0299987792969;76;1.996999979019165;113;38.75673799775541;-90.56741117499769;2024-09-04 22:55:15Z
9/4/2024 10:51:44 PM;1;41;175.8000030517578;502.0299987792969;75;2.0339999198913574;111;38.756764233112335;-90.5675919726491;2024-09-04 22:55:23Z
9/4/2024 10:51:44 PM;1;42;175.39999389648438;512.0900268554688;76;2.0250000953674316;114;38.75677269883454;-90.56770672090352;2024-09-04 22:55:28Z
9/4/2024 10:51:44 PM;1;43;175.1999969482422;517.719970703125;75;2.015000104904175;115;38.75678108073771;-90.56777084246278;2024-09-04 22:55:31Z
9/4/2024 10:51:44 PM;1;44;174.0;534.8499755859375;76;2.00600004196167;114;38.75678610987961;-90.56796798482537;2024-09-04 22:55:39Z
9/4/2024 10:51:44 PM;1;45;172.1999969482422;556.5399780273438;76;2.0429999828338623;112;38.75680974684656;-90.56821499951184;2024-09-04 22:55:49Z
9/4/2024 10:51:44 PM;1;46;170.8000030517578;576.9000244140625;76;2.1089999675750732;110;38.75682516954839;-90.56844818405807;2024-09-04 22:55:58Z
9/4/2024 10:51:44 PM;1;47;170.60000610351562;581.2999877929688;76;2.1089999675750732;110;38.75682793557644;-90.5684984754771;2024-09-04 22:56:00Z
9/4/2024 10:51:44 PM;1;48;170.0;594.7000122070312;77;2.13700008392334;111;38.75685693696141;-90.56864557787776;2024-09-04 22:56:06Z
9/4/2024 10:51:44 PM;1;49;169.39999389648438;608.8699951171875;76;2.13700008392334;113;38.75689331442118;-90.56880106218159;2024-09-04 22:56:13Z
9/4/2024 10:51:44 PM;1;50;168.60000610351562;629.010009765625;77;2.127000093460083;112;38.756927931681275;-90.56902779266238;2024-09-04 22:56:22Z
9/4/2024 10:51:44 PM;1;51;168.60000610351562;631.3099975585938;77;2.127000093460083;112;38.75693681649864;-90.56905193254352;2024-09-04 22:56:23Z
9/4/2024 10:51:44 PM;1;52;168.60000610351562;643.5800170898438;77;2.1459999084472656;109;38.7569922208786;-90.56917447596788;2024-09-04 22:56:29Z
9/4/2024 10:51:44 PM;1;53;168.1999969482422;661.1900024414062;78;2.1549999713897705;108;38.75703999772668;-90.56936575099826;2024-09-04 22:56:37Z
9/4/2024 10:51:44 PM;1;54;167.8000030517578;676.3300170898438;78;2.1649999618530273;111;38.757069669663906;-90.56953531689942;2024-09-04 22:56:44Z
9/4/2024 10:51:44 PM;1;55;167.60000610351562;682.6500244140625;78;2.1649999618530273;114;38.757080482319;-90.56960656307638;2024-09-04 22:56:47Z
9/4/2024 10:51:44 PM;1;56;167.1999969482422;693.3300170898438;77;2.1549999713897705;115;38.75712323002517;-90.56971745565534;2024-09-04 22:56:53Z
9/4/2024 10:51:44 PM;1;57;167.39999389648438;712.5999755859375;77;2.118000030517578;116;38.757172180339694;-90.5699301045388;2024-09-04 22:57:02Z
9/4/2024 10:51:44 PM;1;58;167.0;728.8400268554688;79;2.1089999675750732;114;38.75721886754036;-90.5701061245054;2024-09-04 22:57:10Z
9/4/2024 10:51:44 PM;1;59;167.0;745.5900268554688;76;2.0810000896453857;115;38.757275361567736;-90.5702826473862;2024-09-04 22:57:18Z
9/4/2024 10:51:44 PM;1;60;167.0;759.8699951171875;76;2.071000099182129;115;38.757328083738685;-90.57043125852942;2024-09-04 22:57:25Z
9/4/2024 10:51:44 PM;1;61;167.0;775.2000122070312;77;2.052999973297119;113;38.75736270099878;-90.570601914078;2024-09-04 22:57:33Z
9/4/2024 10:51:44 PM;1;62;167.0;796.75;76;2.052999973297119;114;38.757369574159384;-90.57084926404059;2024-09-04 22:57:42Z
9/4/2024 10:51:44 PM;1;63;167.0;806.780029296875;75;2.071000099182129;117;38.75735909678042;-90.57096225209534;2024-09-04 22:57:46Z
9/4/2024 10:51:44 PM;1;64;167.0;808.72998046875;76;2.0810000896453857;117;38.75736546702683;-90.57098404504359;2024-09-04 22:57:47Z
9/4/2024 10:51:44 PM;1;65;167.1999969482422;820.7999877929688;77;2.0989999771118164;118;38.7573947198689;-90.57111924514174;2024-09-04 22:57:53Z
9/4/2024 10:51:44 PM;1;66;167.0;832.030029296875;78;2.0989999771118164;118;38.75739027746022;-90.5712473206222;2024-09-04 22:57:59Z
9/4/2024 10:51:44 PM;1;67;167.0;847.3300170898438;79;2.1089999675750732;120;38.757368233054876;-90.57142082601786;2024-09-04 22:58:05Z
9/4/2024 10:51:44 PM;1;68;167.1999969482422;865.97998046875;78;2.127000093460083;123;38.75732439570129;-90.57162827812135;2024-09-04 22:58:13Z
9/4/2024 10:51:44 PM;1;69;167.39999389648438;874.5900268554688;77;2.1459999084472656;124;38.757312493398786;-90.57172601111233;2024-09-04 22:58:17Z
9/4/2024 10:51:44 PM;1;70;167.0;893.2999877929688;79;2.1459999084472656;124;38.75728826969862;-90.57193916290998;2024-09-04 22:58:26Z
9/4/2024 10:51:44 PM;1;71;167.0;903.0;78;2.127000093460083;123;38.75725314952433;-90.57203949429095;2024-09-04 22:58:31Z
9/4/2024 10:51:44 PM;1;72;167.0;911.2899780273438;77;2.127000093460083;120;38.75722180120647;-90.5721281748265;2024-09-04 22:58:35Z
9/4/2024 10:51:44 PM;1;73;167.1999969482422;924.739990234375;76;2.1089999675750732;120;38.757188776507974;-90.57227720506489;2024-09-04 22:58:41Z
9/4/2024 10:51:44 PM;1;74;166.8000030517578;941.72998046875;77;2.1089999675750732;120;38.75715248286724;-90.57246680371463;2024-09-04 22:58:49Z
9/4/2024 10:51:44 PM;1;75;166.39999389648438;960.3599853515625;76;2.1089999675750732;120;38.75710059888661;-90.57266947813332;2024-09-04 22:58:57Z
9/4/2024 10:51:44 PM;1;76;166.39999389648438;964.97998046875;76;2.118000030517578;120;38.75708810985088;-90.57271893136203;2024-09-04 22:59:00Z
9/4/2024 10:51:44 PM;1;77;166.1999969482422;966.010009765625;0;2.118000030517578;120;38.75709439627826;-90.57272789999843;2024-09-04 22:59:01Z
9/4/2024 10:51:44 PM;1;78;166.1999969482422;967.22998046875;0;2.1089999675750732;120;38.75710302963853;-90.57273678481579;2024-09-04 22:59:02Z
9/4/2024 10:51:44 PM;1;79;165.60000610351562;978.8900146484375;0;2.0810000896453857;120;38.757199170067906;-90.57279000990093;2024-09-04 22:59:06Z
9/4/2024 10:51:44 PM;1;80;165.60000610351562;981.75;0;2.8929998874664307;120;38.75721492804587;-90.57281616143882;2024-09-04 22:59:07Z
9/4/2024 10:51:44 PM;1;81;165.60000610351562;989.6799926757812;79;2.7149999141693115;120;38.75722020864487;-90.57290576398373;2024-09-04 22:59:10Z
9/4/2024 10:51:44 PM;1;82;165.60000610351562;1010.3499755859375;79;2.4630000591278076;119;38.75719849951565;-90.57314204983413;2024-09-04 22:59:18Z
9/4/2024 10:51:44 PM;1;83;165.60000610351562;1012.2100219726562;79;2.4539999961853027;119;38.75719992443919;-90.57316333986819;2024-09-04 22:59:19Z
9/4/2024 10:51:44 PM;1;84;165.39999389648438;1023.5;79;2.3610000610351562;121;38.75723990611732;-90.5732815247029;2024-09-04 22:59:24Z
9/4/2024 10:51:44 PM;1;85;165.0;1041.4200439453125;79;2.2950000762939453;122;38.75737736932933;-90.57335679419339;2024-09-04 22:59:31Z
9/4/2024 10:51:44 PM;1;86;164.39999389648438;1061.469970703125;78;2.305000066757202;123;38.75755548477173;-90.57332427240908;2024-09-04 22:59:38Z
9/4/2024 10:51:44 PM;1;87;164.1999969482422;1063.0400390625;78;2.305000066757202;124;38.75756923109293;-90.57333374395967;2024-09-04 22:59:39Z
9/4/2024 10:51:44 PM;1;88;164.0;1080.4100341796875;78;2.118000030517578;123;38.757714657112956;-90.57340507395566;2024-09-04 22:59:48Z
9/4/2024 10:51:44 PM;1;89;164.60000610351562;1092.1099853515625;79;2.015000104904175;123;38.75780082307756;-90.57347749359906;2024-09-04 22:59:55Z
9/4/2024 10:51:44 PM;1;90;163.8000030517578;1110.489990234375;77;1.940999984741211;123;38.7579370290041;-90.57360095903277;2024-09-04 23:00:04Z
9/4/2024 10:51:44 PM;1;91;164.60000610351562;1126.699951171875;75;1.9129999876022339;124;38.75803333707154;-90.57374378666282;2024-09-04 23:00:13Z
9/4/2024 10:51:44 PM;1;92;166.0;1144.9100341796875;77;1.8849999904632568;124;38.75807851552963;-90.57394579052925;2024-09-04 23:00:21Z
9/4/2024 10:51:44 PM;1;93;166.0;1158.02001953125;78;1.8940000534057617;125;38.75816929154098;-90.57403530925512;2024-09-04 23:00:27Z
9/4/2024 10:51:44 PM;1;94;165.1999969482422;1179.6400146484375;78;1.8660000562667847;126;38.75836668536067;-90.57406447827816;2024-09-04 23:00:35Z
9/4/2024 10:51:44 PM;1;95;164.60000610351562;1201.3800048828125;78;1.9589999914169312;125;38.75856257043779;-90.57408459484577;2024-09-04 23:00:45Z
9/4/2024 10:51:44 PM;1;96;164.60000610351562;1204.1300048828125;78;1.968999981880188;124;38.758587297052145;-90.57408400811255;2024-09-04 23:00:46Z
9/4/2024 10:51:44 PM;1;97;163.39999389648438;1225.469970703125;77;2.0429999828338623;122;38.75876641832292;-90.57398862205446;2024-09-04 23:00:55Z
9/4/2024 10:51:44 PM;1;98;163.1999969482422;1235.52001953125;78;1.9869999885559082;121;38.758856020867825;-90.57396858930588;2024-09-04 23:01:01Z
9/4/2024 10:51:44 PM;1;99;163.0;1255.2900390625;79;2.0250000953674316;119;38.759032879024744;-90.57394377887249;2024-09-04 23:01:10Z
9/4/2024 10:51:44 PM;1;100;163.1999969482422;1269.1600341796875;77;2.13700008392334;122;38.7591559253633;-90.57396699674428;2024-09-04 23:01:17Z
9/4/2024 10:51:44 PM;1;101;163.8000030517578;1282.8900146484375;77;2.13700008392334;123;38.75926673412323;-90.57403740473092;2024-09-04 23:01:24Z
9/4/2024 10:51:44 PM;1;102;164.39999389648438;1293.4200439453125;75;2.0989999771118164;124;38.75932649709284;-90.57412759400904;2024-09-04 23:01:30Z
9/4/2024 10:51:44 PM;1;103;164.1999969482422;1303.18994140625;74;2.052999973297119;124;38.759399838745594;-90.57418920099735;2024-09-04 23:01:35Z
9/4/2024 10:51:44 PM;1;104;164.1999969482422;1306.25;75;2.0339999198913574;124;38.759425822645426;-90.57420127093792;2024-09-04 23:01:37Z
9/4/2024 10:51:44 PM;1;105;163.60000610351562;1321.8199462890625;77;1.968999981880188;122;38.75955490395427;-90.57426840998232;2024-09-04 23:01:45Z
9/4/2024 10:51:44 PM;1;106;163.1999969482422;1337.719970703125;78;1.968999981880188;120;38.759698485955596;-90.5742918793112;2024-09-04 23:01:51Z
9/4/2024 10:51:44 PM;1;107;162.1999969482422;1356.68994140625;77;2.0429999828338623;119;38.75986964441836;-90.57427855208516;2024-09-04 23:01:59Z
9/4/2024 10:51:44 PM;1;108;161.60000610351562;1371.1700439453125;77;2.118000030517578;120;38.75999637879431;-90.57425047270954;2024-09-04 23:02:07Z
9/4/2024 10:51:44 PM;1;109;161.1999969482422;1387.56005859375;78;2.0339999198913574;120;38.76014230772853;-90.57425055652857;2024-09-04 23:02:14Z
9/4/2024 10:51:44 PM;1;110;160.8000030517578;1399.6199951171875;75;2.13700008392334;120;38.76025001518428;-90.57426363229752;2024-09-04 23:02:20Z
9/4/2024 10:51:44 PM;1;111;160.39999389648438;1414.97998046875;73;2.071000099182129;120;38.76035780645907;-90.57437611743808;2024-09-04 23:02:28Z
9/4/2024 10:51:44 PM;1;112;160.1999969482422;1425.0699462890625;74;2.0250000953674316;121;38.7603959441185;-90.57448063977063;2024-09-04 23:02:33Z
9/4/2024 10:51:44 PM;1;113;161.0;1441.5699462890625;76;2.00600004196167;122;38.76048437319696;-90.57463428005576;2024-09-04 23:02:41Z
9/4/2024 10:51:44 PM;1;114;161.1999969482422;1455.6300048828125;77;2.015000104904175;122;38.76060591079295;-90.57466621510684;2024-09-04 23:02:48Z
9/4/2024 10:51:44 PM;1;115;161.39999389648438;1471.9000244140625;76;2.00600004196167;124;38.76075016334653;-90.57468893006444;2024-09-04 23:02:56Z
9/4/2024 10:51:44 PM;1;116;160.60000610351562;1489.0899658203125;75;2.0250000953674316;123;38.760893577709794;-90.5747615173459;2024-09-04 23:03:04Z
9/4/2024 10:51:44 PM;1;117;160.8000030517578;1507.5799560546875;76;2.0250000953674316;123;38.761047972366214;-90.57484005577862;2024-09-04 23:03:14Z
9/4/2024 10:51:44 PM;1;118;161.0;1521.2099609375;77;2.015000104904175;122;38.76116691157222;-90.57488112710416;2024-09-04 23:03:21Z
9/4/2024 10:51:44 PM;1;119;160.0;1538.1300048828125;77;2.00600004196167;120;38.761304039508104;-90.57496427558362;2024-09-04 23:03:29Z
9/4/2024 10:51:44 PM;1;120;160.1999969482422;1554.52001953125;78;1.996999979019165;119;38.761382242664695;-90.57512260973454;2024-09-04 23:03:37Z
9/4/2024 10:51:44 PM;1;121;160.1999969482422;1568.260009765625;77;1.9780000448226929;122;38.761417949572206;-90.57527490891516;2024-09-04 23:03:44Z
9/4/2024 10:51:44 PM;1;122;160.1999969482422;1570.1500244140625;77;1.9780000448226929;123;38.76142465509474;-90.57529519312084;2024-09-04 23:03:45Z
9/4/2024 10:51:44 PM;1;123;160.1999969482422;1577.3900146484375;78;1.968999981880188;126;38.76145684160292;-90.57536786422133;2024-09-04 23:03:49Z
9/4/2024 10:51:44 PM;1;124;160.39999389648438;1585.050048828125;74;1.9589999914169312;126;38.761467318981886;-90.57545662857592;2024-09-04 23:03:53Z
9/4/2024 10:51:44 PM;1;125;160.39999389648438;1607.0799560546875;75;1.930999994277954;126;38.76158248633146;-90.57564899325371;2024-09-04 23:04:03Z
9/4/2024 10:51:44 PM;1;126;160.60000610351562;1609.43994140625;75;1.930999994277954;126;38.76159556210041;-90.57567095384002;2024-09-04 23:04:04Z
9/4/2024 10:51:44 PM;2;1;161.1999969482422;1619.9300537109375;73;1.930999994277954;126;38.76165624707937;-90.5757602211088;2024-09-04 23:04:11Z
9/4/2024 10:51:44 PM;2;2;161.0;1633.81005859375;74;1.9220000505447388;126;38.761770743876696;-90.57582811452448;2024-09-04 23:04:18Z
9/4/2024 10:51:44 PM;2;3;161.39999389648438;1651.3199462890625;73;1.8849999904632568;126;38.761906614527106;-90.57593079283834;2024-09-04 23:04:28Z
9/4/2024 10:51:44 PM;2;4;161.39999389648438;1669.0899658203125;77;1.8849999904632568;125;38.76205061562359;-90.57601771317422;2024-09-04 23:04:36Z
9/4/2024 10:51:44 PM;2;5;161.1999969482422;1688.5699462890625;78;1.8660000562667847;123;38.762212386354804;-90.57610454969108;2024-09-04 23:04:46Z
9/4/2024 10:51:44 PM;2;6;159.8000030517578;1704.469970703125;77;1.8289999961853027;124;38.762342473492026;-90.57617931626737;2024-09-04 23:04:55Z
9/4/2024 10:51:44 PM;2;7;159.60000610351562;1723.6099853515625;76;1.809999942779541;123;38.76251136884093;-90.57622524909675;2024-09-04 23:05:03Z
9/4/2024 10:51:44 PM;2;8;158.60000610351562;1744.199951171875;75;1.8940000534057617;122;38.76267674379051;-90.57631996460259;2024-09-04 23:05:11Z
9/4/2024 10:51:44 PM;2;9;158.60000610351562;1748.06005859375;76;1.902999997138977;123;38.76270767301321;-90.57634309865534;2024-09-04 23:05:13Z
9/4/2024 10:51:44 PM;2;10;157.8000030517578;1761.449951171875;76;1.9129999876022339;122;38.7628133688122;-90.57641660794616;2024-09-04 23:05:20Z
9/4/2024 10:51:44 PM;2;11;157.0;1774.6400146484375;74;1.847000002861023;121;38.76292954199016;-90.57644544169307;2024-09-04 23:05:27Z
9/4/2024 10:51:44 PM;2;12;157.1999969482422;1794.9000244140625;77;2.062000036239624;121;38.76311126165092;-90.57646849192679;2024-09-04 23:05:36Z
9/4/2024 10:51:44 PM;2;13;157.1999969482422;1797.1800537109375;77;2.071000099182129;121;38.76313121058047;-90.57647494599223;2024-09-04 23:05:37Z
9/4/2024 10:51:44 PM;2;14;157.39999389648438;1819.4200439453125;78;2.13700008392334;124;38.76332382671535;-90.57654342614114;2024-09-04 23:05:46Z
9/4/2024 10:51:44 PM;2;15;157.39999389648438;1827.550048828125;78;2.1740000247955322;125;38.76337160356343;-90.57659187354147;2024-09-04 23:05:50Z
9/4/2024 10:51:44 PM;2;16;157.39999389648438;1829.68994140625;78;2.1740000247955322;125;38.763365065678954;-90.57661525905132;2024-09-04 23:05:51Z
9/4/2024 10:51:44 PM;2;17;157.1999969482422;1831.6199951171875;78;2.183000087738037;126;38.7633540853858;-90.57663252577186;2024-09-04 23:05:52Z
9/4/2024 10:51:44 PM;2;18;157.0;1840.8299560546875;77;2.2019999027252197;126;38.7632814142853;-90.57668357156217;2024-09-04 23:05:56Z
9/4/2024 10:51:44 PM;2;19;157.1999969482422;1854.4300537109375;78;2.239000082015991;127;38.76317680813372;-90.5767512973398;2024-09-04 23:06:02Z
9/4/2024 10:51:44 PM;2;20;157.1999969482422;1856.6099853515625;78;2.249000072479248;127;38.76317529939115;-90.57677627541125;2024-09-04 23:06:03Z
9/4/2024 10:51:44 PM;2;21;157.0;1875.9200439453125;78;2.2669999599456787;127;38.76319139264524;-90.5769963003695;2024-09-04 23:06:11Z
9/4/2024 10:51:44 PM;2;22;157.1999969482422;1882.8599853515625;79;2.257999897003174;130;38.763184268027544;-90.5770771857351;2024-09-04 23:06:14Z
9/4/2024 10:51:44 PM;2;23;157.0;1891.4000244140625;79;2.239000082015991;128;38.76319466158748;-90.57717659510672;2024-09-04 23:06:18Z
9/4/2024 10:51:44 PM;2;24;157.1999969482422;1911.050048828125;78;2.239000082015991;128;38.763261465355754;-90.57737398892641;2024-09-04 23:06:26Z
9/4/2024 10:51:44 PM;2;25;157.60000610351562;1925.9100341796875;78;2.2669999599456787;127;38.76331586390734;-90.57752679102123;2024-09-04 23:06:32Z
9/4/2024 10:51:44 PM;2;26;159.0;1935.8699951171875;79;2.2769999504089355;130;38.76333656720817;-90.57763994671404;2024-09-04 23:06:36Z
9/4/2024 10:51:44 PM;2;27;159.1999969482422;1943.6500244140625;78;2.2860000133514404;131;38.76338199712336;-90.57770742103457;2024-09-04 23:06:40Z
9/4/2024 10:51:44 PM;2;28;158.1999969482422;1961.77001953125;79;2.2860000133514404;133;38.763543432578444;-90.57773910462856;2024-09-04 23:06:48Z
9/4/2024 10:51:44 PM;2;29;157.8000030517578;1968.47998046875;78;2.2860000133514404;132;38.76359313726425;-90.5777817685157;2024-09-04 23:06:51Z
9/4/2024 10:51:44 PM;2;30;157.1999969482422;1974.4000244140625;75;2.2860000133514404;132;38.763638734817505;-90.57781697250903;2024-09-04 23:06:53Z
9/4/2024 10:51:44 PM;2;31;157.8000030517578;1987.1400146484375;75;2.2769999504089355;132;38.76369229517877;-90.57794705964625;2024-09-04 23:06:59Z
9/4/2024 10:51:44 PM;2;32;157.60000610351562;2002.18994140625;75;2.257999897003174;132;38.76379539258778;-90.5780618917197;2024-09-04 23:07:06Z
9/4/2024 10:51:44 PM;2;33;157.8000030517578;2018.1600341796875;76;2.249000072479248;133;38.76391449943185;-90.57816155254841;2024-09-04 23:07:14Z
9/4/2024 10:51:44 PM;2;34;158.60000610351562;2031.510009765625;76;2.2209999561309814;133;38.76402069814503;-90.57823916897178;2024-09-04 23:07:21Z
9/4/2024 10:51:44 PM;2;35;159.60000610351562;2045.9100341796875;77;2.1740000247955322;136;38.76412337645888;-90.57834134437144;2024-09-04 23:07:29Z
9/4/2024 10:51:44 PM;2;36;159.60000610351562;2059.590087890625;78;2.127000093460083;137;38.76423158682883;-90.57841435074806;2024-09-04 23:07:36Z
9/4/2024 10:51:44 PM;2;37;160.1999969482422;2073.3798828125;78;2.0989999771118164;138;38.764341389760375;-90.5784902907908;2024-09-04 23:07:43Z
9/4/2024 10:51:44 PM;2;38;160.1999969482422;2075.7900390625;78;2.0899999141693115;137;38.764360500499606;-90.57850353419781;2024-09-04 23:07:44Z
9/4/2024 10:51:44 PM;2;39;159.60000610351562;2096.469970703125;78;2.052999973297119;137;38.76449100673199;-90.57866874150932;2024-09-04 23:07:53Z
9/4/2024 10:51:44 PM;2;40;157.60000610351562;2112.449951171875;76;2.0339999198913574;135;38.764611538499594;-90.5787746887654;2024-09-04 23:08:01Z
9/4/2024 10:51:44 PM;2;41;157.0;2128.469970703125;76;1.996999979019165;133;38.76472528092563;-90.57888926938176;2024-09-04 23:08:10Z
9/4/2024 10:51:44 PM;2;42;156.0;2138.489990234375;76;1.9869999885559082;130;38.7647891510278;-90.57897082529962;2024-09-04 23:08:14Z
9/4/2024 10:51:44 PM;2;43;156.0;2148.14990234375;77;2.00600004196167;128;38.764843633398414;-90.57905732654035;2024-09-04 23:08:18Z
9/4/2024 10:51:44 PM;2;44;156.39999389648438;2156.7900390625;78;2.015000104904175;125;38.764891158789396;-90.579135697335;2024-09-04 23:08:22Z
9/4/2024 10:51:44 PM;2;45;156.60000610351562;2165.949951171875;78;2.0250000953674316;123;38.76493969000876;-90.57922127656639;2024-09-04 23:08:26Z
9/4/2024 10:51:44 PM;2;46;155.8000030517578;2178.77001953125;79;2.0429999828338623;121;38.76504412852228;-90.57921985164285;2024-09-04 23:08:32Z
9/4/2024 10:51:44 PM;2;47;154.60000610351562;2200.199951171875;78;2.257999897003174;122;38.76520757563412;-90.57908833958209;2024-09-04 23:08:39Z
9/4/2024 10:51:44 PM;2;48;154.39999389648438;2206.169921875;76;2.2669999599456787;121;38.76525091007352;-90.5790479388088;2024-09-04 23:08:42Z
9/4/2024 10:51:44 PM;2;49;154.0;2223.60009765625;75;2.2669999599456787;120;38.76537999138236;-90.57893444783986;2024-09-04 23:08:51Z
9/4/2024 10:51:44 PM;2;50;154.0;2236.6298828125;79;2.249000072479248;117;38.765492057427764;-90.57894559577107;2024-09-04 23:08:57Z
9/4/2024 10:51:44 PM;2;51;154.0;2238.6201171875;79;2.239000082015991;115;38.76550513319671;-90.57896135374904;2024-09-04 23:08:58Z
9/4/2024 10:51:44 PM;2;52;154.0;2249.719970703125;77;2.2300000190734863;118;38.76556020230055;-90.57907501235604;2024-09-04 23:09:03Z
9/4/2024 10:51:44 PM;2;53;154.0;2254.219970703125;79;2.2300000190734863;121;38.76558819785714;-90.57911281473935;2024-09-04 23:09:05Z
9/4/2024 10:51:44 PM;2;54;154.0;2256.7099609375;79;2.2300000190734863;122;38.76560462638736;-90.5791325122118;2024-09-04 23:09:06Z
9/4/2024 10:51:44 PM;2;55;154.0;2276.699951171875;77;2.2669999599456787;121;38.76573571935296;-90.579291600734;2024-09-04 23:09:15Z
9/4/2024 10:51:44 PM;2;56;153.8000030517578;2293.199951171875;77;2.2669999599456787;122;38.765833117067814;-90.57943392544985;2024-09-04 23:09:23Z
9/4/2024 10:51:44 PM;2;57;153.1999969482422;2307.570068359375;75;2.2769999504089355;122;38.76594811677933;-90.57950366288424;2024-09-04 23:09:29Z
9/4/2024 10:51:44 PM;2;58;153.39999389648438;2314.449951171875;75;2.249000072479248;125;38.765984661877155;-90.5795749090612;2024-09-04 23:09:33Z
9/4/2024 10:51:44 PM;2;59;153.8000030517578;2324.780029296875;78;2.2209999561309814;126;38.76606118865311;-90.57964213192463;2024-09-04 23:09:38Z
9/4/2024 10:51:44 PM;2;60;153.8000030517578;2332.429931640625;78;2.2109999656677246;129;38.76610913313925;-90.57970541529357;2024-09-04 23:09:42Z
9/4/2024 10:51:44 PM;2;61;153.39999389648438;2343.409912109375;78;2.193000078201294;132;38.76618658192456;-90.57978286407888;2024-09-04 23:09:47Z
9/4/2024 10:51:44 PM;2;62;153.0;2359.330078125;79;2.1740000247955322;130;38.76630401238799;-90.57988755404949;2024-09-04 23:09:55Z
9/4/2024 10:51:44 PM;2;63;152.39999389648438;2380.429931640625;76;2.1549999713897705;128;38.76648413948715;-90.57998436503112;2024-09-04 23:10:04Z
9/4/2024 10:51:44 PM;2;64;152.8000030517578;2402.510009765625;79;2.2300000190734863;128;38.76664079725742;-90.58013666421175;2024-09-04 23:10:12Z
9/4/2024 10:51:44 PM;2;65;152.60000610351562;2415.6201171875;77;2.2860000133514404;128;38.766711205244064;-90.5802565254271;2024-09-04 23:10:18Z
9/4/2024 10:51:44 PM;2;66;152.60000610351562;2417.5;77;2.2769999504089355;131;38.76671640202403;-90.58027806691825;2024-09-04 23:10:19Z
9/4/2024 10:51:44 PM;2;67;153.0;2429.5400390625;76;2.239000082015991;128;38.766765017062426;-90.58039859868586;2024-09-04 23:10:24Z
9/4/2024 10:51:44 PM;2;68;153.0;2431.820068359375;77;2.239000082015991;129;38.766778679564595;-90.58041837997735;2024-09-04 23:10:25Z
9/4/2024 10:51:44 PM;2;69;153.1999969482422;2442.72998046875;79;2.2669999599456787;132;38.76685646362603;-90.58049381710589;2024-09-04 23:10:30Z
9/4/2024 10:51:44 PM;2;70;153.39999389648438;2447.9599609375;78;2.2669999599456787;133;38.766892505809665;-90.58053279295564;2024-09-04 23:10:33Z
9/4/2024 10:51:44 PM;2;71;152.60000610351562;2460.6201171875;78;2.183000087738037;134;38.76699744723737;-90.58059247210622;2024-09-04 23:10:39Z
9/4/2024 10:51:44 PM;2;72;152.1999969482422;2477.5400390625;77;2.1649999618530273;134;38.76713507808745;-90.58067050762475;2024-09-04 23:10:47Z
9/4/2024 10:51:44 PM;2;73;152.1999969482422;2496.449951171875;79;2.1549999713897705;134;38.76724563539028;-90.58083789423108;2024-09-04 23:10:56Z
9/4/2024 10:51:44 PM;2;74;152.60000610351562;2512.77001953125;78;2.1459999084472656;131;38.76735636033118;-90.58096052147448;2024-09-04 23:11:04Z
9/4/2024 10:51:44 PM;2;75;152.39999389648438;2515.090087890625;78;2.1459999084472656;131;38.76737002283335;-90.58098097331822;2024-09-04 23:11:05Z
9/4/2024 10:51:44 PM;2;76;152.60000610351562;2536.75;79;2.1549999713897705;130;38.76751293428242;-90.58114844374359;2024-09-04 23:11:14Z
9/4/2024 10:51:44 PM;2;77;153.60000610351562;2557.260009765625;79;2.2019999027252197;129;38.76765123568475;-90.58129847981036;2024-09-04 23:11:22Z
9/4/2024 10:51:44 PM;2;78;153.39999389648438;2575.080078125;79;2.1549999713897705;130;38.76779339276254;-90.58139286004007;2024-09-04 23:11:31Z
9/4/2024 10:51:44 PM;2;79;153.1999969482422;2597.070068359375;78;2.118000030517578;130;38.767960695549846;-90.58152437210083;2024-09-04 23:11:40Z
9/4/2024 10:51:44 PM;2;80;153.8000030517578;2606.489990234375;79;2.118000030517578;133;38.76803428865969;-90.58157935738564;2024-09-04 23:11:45Z
9/4/2024 10:51:44 PM;2;81;153.0;2614.4599609375;78;2.118000030517578;135;38.76809287816286;-90.581633169204;2024-09-04 23:11:48Z
9/4/2024 10:51:44 PM;2;82;151.39999389648438;2633.7900390625;79;2.118000030517578;136;38.76820703968406;-90.58180030435324;2024-09-04 23:11:57Z
9/4/2024 10:51:44 PM;2;83;151.60000610351562;2642.389892578125;78;2.13700008392334;139;38.76824920065701;-90.5818818602711;2024-09-04 23:12:01Z
9/4/2024 10:51:44 PM;2;84;151.60000610351562;2644.320068359375;78;2.13700008392334;135;38.76825179904699;-90.58190457522869;2024-09-04 23:12:02Z
9/4/2024 10:51:44 PM;2;85;151.8000030517578;2647.97998046875;78;2.1459999084472656;134;38.768252385780215;-90.58194832876325;2024-09-04 23:12:04Z
9/4/2024 10:51:44 PM;2;86;152.0;2668.3701171875;77;2.13700008392334;134;38.76829429529607;-90.58217665180564;2024-09-04 23:12:13Z
9/4/2024 10:51:44 PM;2;87;151.0;2689.18994140625;78;2.1549999713897705;136;38.768338887020946;-90.58240891434252;2024-09-04 23:12:22Z
9/4/2024 10:51:44 PM;2;88;151.1999969482422;2704.0400390625;78;2.1740000247955322;138;38.768301252275705;-90.58256984688342;2024-09-04 23:12:29Z
9/4/2024 10:51:44 PM;2;89;150.8000030517578;2708.39990234375;78;2.1740000247955322;141;38.76830745488405;-90.58262030594051;2024-09-04 23:12:31Z
9/4/2024 10:51:44 PM;2;90;149.60000610351562;2727.0;78;2.2109999656677246;140;38.76832975074649;-90.58283211663365;2024-09-04 23:12:38Z
9/4/2024 10:51:44 PM;2;91;149.0;2746.330078125;76;2.2669999599456787;138;38.76837191171944;-90.58304836973548;2024-09-04 23:12:47Z
9/4/2024 10:51:44 PM;2;92;149.0;2762.9599609375;78;2.2769999504089355;141;38.768450282514095;-90.58328792452812;2024-09-04 23:12:57Z
9/4/2024 10:51:44 PM;2;93;149.0;2800.8798828125;78;2.2860000133514404;139;38.76844625920057;-90.58353091590106;2024-09-04 23:13:04Z
9/4/2024 10:51:44 PM;2;94;149.0;2801.18994140625;79;2.2769999504089355;139;38.76843888312578;-90.58353594504297;2024-09-04 23:13:05Z
9/4/2024 10:51:44 PM;2;95;149.0;2808.639892578125;77;2.257999897003174;136;38.768450282514095;-90.58362068608403;2024-09-04 23:13:10Z
9/4/2024 10:51:44 PM;2;96;149.1999969482422;2813.35009765625;76;2.249000072479248;135;38.76846092753112;-90.58367273770273;2024-09-04 23:13:13Z
9/4/2024 10:51:44 PM;2;97;149.60000610351562;2828.530029296875;75;2.183000087738037;136;38.76853074878454;-90.58382361195982;2024-09-04 23:13:21Z
9/4/2024 10:51:44 PM;2;98;149.60000610351562;2841.719970703125;78;2.1740000247955322;137;38.768619345501065;-90.58391463942826;2024-09-04 23:13:28Z
9/4/2024 10:51:44 PM;2;99;149.1999969482422;2860.68994140625;79;2.118000030517578;137;38.768766447901726;-90.58399611152709;2024-09-04 23:13:37Z
9/4/2024 10:51:44 PM;2;100;149.8000030517578;2874.77001953125;79;2.052999973297119;139;38.76880785450339;-90.58414723724127;2024-09-04 23:13:44Z
9/4/2024 10:51:44 PM;2;101;149.8000030517578;2878.889892578125;77;2.0339999198913574;139;38.76880852505565;-90.58419476263225;2024-09-04 23:13:46Z
9/4/2024 10:51:44 PM;2;102;150.39999389648438;2892.419921875;76;2.00600004196167;141;38.76879687421024;-90.58434890583158;2024-09-04 23:13:52Z
9/4/2024 10:51:44 PM;2;103;150.1999969482422;2907.969970703125;77;1.9780000448226929;140;38.76888404600322;-90.5844908952713;2024-09-04 23:13:59Z
9/4/2024 10:51:44 PM;2;104;149.8000030517578;2925.820068359375;78;1.968999981880188;137;38.76902746036649;-90.58458544313908;2024-09-04 23:14:07Z
9/4/2024 10:51:44 PM;2;105;149.8000030517578;2928.050048828125;78;1.968999981880188;137;38.76904212869704;-90.58460304513574;2024-09-04 23:14:08Z
9/4/2024 10:51:44 PM;2;106;150.39999389648438;2938.820068359375;78;1.9780000448226929;137;38.76911211758852;-90.58468770235777;2024-09-04 23:14:14Z
9/4/2024 10:51:44 PM;2;107;150.39999389648438;2943.239990234375;77;1.968999981880188;137;38.76914891414344;-90.584706813097;2024-09-04 23:14:16Z
9/4/2024 10:51:44 PM;2;108;150.1999969482422;2946.429931640625;78;1.968999981880188;140;38.76917816698551;-90.58470421470702;2024-09-04 23:14:17Z
9/4/2024 10:51:44 PM;2;109;150.1999969482422;2948.780029296875;79;1.9780000448226929;137;38.76919912174344;-90.5846983473748;2024-09-04 23:14:18Z
9/4/2024 10:51:44 PM;2;110;149.8000030517578;2961.5400390625;78;1.968999981880188;137;38.76931336708367;-90.5847155302763;2024-09-04 23:14:24Z
9/4/2024 10:51:44 PM;2;111;149.39999389648438;2981.550048828125;78;1.9780000448226929;137;38.769492572173476;-90.58473464101553;2024-09-04 23:14:33Z
9/4/2024 10:51:44 PM;2;112;149.0;3002.2900390625;79;1.9869999885559082;136;38.76967881806195;-90.58475366793573;2024-09-04 23:14:42Z
9/4/2024 10:51:44 PM;2;113;149.0;3008.139892578125;79;1.9869999885559082;136;38.76973120495677;-90.58476213365793;2024-09-04 23:14:45Z
9/4/2024 10:51:44 PM;2;114;149.0;3026.97998046875;78;2.0250000953674316;137;38.7699004355818;-90.58476028963923;2024-09-04 23:14:53Z
9/4/2024 10:51:44 PM;2;115;149.0;3041.280029296875;79;2.0429999828338623;137;38.77002918161452;-90.58476154692471;2024-09-04 23:15:00Z
9/4/2024 10:51:44 PM;2;116;149.1999969482422;3056.219970703125;77;2.0429999828338623;137;38.770155161619186;-90.58482357300818;2024-09-04 23:15:09Z
9/4/2024 10:51:44 PM;2;117;149.1999969482422;3071.75;78;2.0339999198913574;137;38.77026521600783;-90.584936728701;2024-09-04 23:15:15Z
9/4/2024 10:51:44 PM;2;118;149.60000610351562;3088.320068359375;79;2.062000036239624;134;38.77039915882051;-90.58500370010734;2024-09-04 23:15:22Z
9/4/2024 10:51:44 PM;2;119;149.60000610351562;3090.010009765625;79;2.0810000896453857;134;38.77041416242719;-90.58500143699348;2024-09-04 23:15:23Z
9/4/2024 10:51:44 PM;2;120;149.1999969482422;3105.030029296875;77;2.2300000190734863;131;38.77054911106825;-90.5850017722696;2024-09-04 23:15:30Z
9/4/2024 10:51:44 PM;2;121;149.1999969482422;3107.159912109375;77;2.2300000190734863;133;38.770567467436194;-90.58500956743956;2024-09-04 23:15:31Z
9/4/2024 10:51:44 PM;2;122;148.8000030517578;3118.860107421875;76;2.2209999561309814;132;38.770670061931014;-90.58500881306827;2024-09-04 23:15:37Z
9/4/2024 10:51:44 PM;2;123;148.8000030517578;3120.719970703125;75;2.2109999656677246;129;38.77068514935672;-90.58499959297478;2024-09-04 23:15:38Z
9/4/2024 10:51:44 PM;2;124;147.60000610351562;3139.169921875;78;2.1459999084472656;128;38.77083887346089;-90.58491820469499;2024-09-04 23:15:46Z
9/4/2024 10:51:44 PM;2;125;147.0;3159.260009765625;79;2.2300000190734863;129;38.77101371996105;-90.5849206354469;2024-09-04 23:15:54Z
9/4/2024 10:51:44 PM;2;126;147.1999969482422;3178.97998046875;79;2.305000066757202;132;38.77118940465152;-90.58494980446994;2024-09-04 23:16:03Z
9/4/2024 10:51:44 PM;2;127;147.39999389648438;3182.340087890625;78;2.313999891281128;133;38.77121874131262;-90.58495852164924;2024-09-04 23:16:05Z
9/4/2024 10:51:44 PM;2;128;147.8000030517578;3193.489990234375;78;2.313999891281128;138;38.771317563951015;-90.58498081751168;2024-09-04 23:16:10Z
9/4/2024 10:51:44 PM;2;129;147.8000030517578;3195.669921875;79;2.313999891281128;134;38.77133633941412;-90.58498836122453;2024-09-04 23:16:11Z
9/4/2024 10:51:44 PM;2;130;147.8000030517578;3202.280029296875;78;2.322999954223633;134;38.771393336355686;-90.58501141145825;2024-09-04 23:16:14Z
9/4/2024 10:51:44 PM;2;131;148.1999969482422;3218.5400390625;78;2.3420000076293945;134;38.771532475948334;-90.5850691627711;2024-09-04 23:16:22Z
9/4/2024 10:51:44 PM;2;132;148.0;3220.860107421875;78;2.3420000076293945;135;38.77155292779207;-90.5850746948272;2024-09-04 23:16:23Z
9/4/2024 10:51:44 PM;3;1;147.1999969482422;3234.3798828125;78;2.3329999446868896;137;38.77167345955968;-90.58509791269898;2024-09-04 23:16:29Z
9/4/2024 10:51:44 PM;3;2;146.39999389648438;3247.56005859375;78;2.305000066757202;137;38.771790051832795;-90.58512850664556;2024-09-04 23:16:36Z
9/4/2024 10:51:44 PM;3;3;146.39999389648438;3262.5;79;2.249000072479248;137;38.77192483283579;-90.58514543808997;2024-09-04 23:16:43Z
9/4/2024 10:51:44 PM;3;4;146.0;3281.81005859375;79;2.249000072479248;137;38.77209657803178;-90.58517267927527;2024-09-04 23:16:51Z
9/4/2024 10:51:44 PM;3;5;146.1999969482422;3300.780029296875;78;2.257999897003174;136;38.772242506965995;-90.58527175337076;2024-09-04 23:16:59Z
9/4/2024 10:51:44 PM;3;6;146.1999969482422;3311.780029296875;79;2.249000072479248;137;38.77230520360172;-90.58536789380014;2024-09-04 23:17:05Z
9/4/2024 10:51:44 PM;3;7;146.0;3321.030029296875;78;2.239000082015991;137;38.77235507592559;-90.5854507908225;2024-09-04 23:17:09Z
9/4/2024 10:51:44 PM;3;8;146.0;3333.0;77;2.239000082015991;135;38.77238935790956;-90.58558179996908;2024-09-04 23:17:14Z
9/4/2024 10:51:44 PM;3;9;146.1999969482422;3346.929931640625;79;2.249000072479248;134;38.7724026851356;-90.58573544025421;2024-09-04 23:17:21Z
9/4/2024 10:51:44 PM;3;10;146.0;3361.469970703125;78;2.2209999561309814;133;38.77243470400572;-90.58589704334736;2024-09-04 23:17:28Z
9/4/2024 10:51:44 PM;3;11;146.0;3375.929931640625;78;2.2019999027252197;135;38.77250846475363;-90.58603609912097;2024-09-04 23:17:35Z
9/4/2024 10:51:44 PM;3;12;146.0;3392.889892578125;79;2.183000087738037;135;38.77260921522975;-90.58618253096938;2024-09-04 23:17:43Z
9/4/2024 10:51:44 PM;3;13;146.1999969482422;3404.429931640625;76;2.193000078201294;138;38.77270007506013;-90.58624640107155;2024-09-04 23:17:48Z
9/4/2024 10:51:44 PM;3;14;146.39999389648438;3414.6201171875;78;2.193000078201294;138;38.77278414554894;-90.58629501610994;2024-09-04 23:17:53Z
9/4/2024 10:51:44 PM;3;15;146.1999969482422;3435.199951171875;78;2.2300000190734863;138;38.77296167425811;-90.5863649211824;2024-09-04 23:18:02Z
9/4/2024 10:51:44 PM;3;16;146.1999969482422;3453.2900390625;77;2.2300000190734863;139;38.77312411554158;-90.5863715428859;2024-09-04 23:18:10Z
9/4/2024 10:51:44 PM;3;17;146.0;3471.5;78;2.2209999561309814;136;38.77327783964574;-90.58644454926252;2024-09-04 23:18:19Z
9/4/2024 10:51:44 PM;3;18;146.0;3473.419921875;76;2.2209999561309814;133;38.7732920050621;-90.58645754121244;2024-09-04 23:18:20Z
9/4/2024 10:51:44 PM;3;19;146.0;3475.409912109375;76;2.2109999656677246;136;38.7733078468591;-90.5864685215056;2024-09-04 23:18:21Z
9/4/2024 10:51:44 PM;3;20;146.0;3485.199951171875;76;2.2209999561309814;135;38.77339602448046;-90.58646366000175;2024-09-04 23:18:26Z
9/4/2024 10:51:44 PM;3;21;146.0;3499.679931640625;78;2.183000087738037;135;38.77352527342737;-90.58644538745284;2024-09-04 23:18:34Z
9/4/2024 10:51:44 PM;3;22;146.0;3520.429931640625;78;2.13700008392334;135;38.77371160313487;-90.58643432334065;2024-09-04 23:18:44Z
9/4/2024 10:51:44 PM;3;23;146.1999969482422;3532.43994140625;79;2.1459999084472656;136;38.773818304762244;-90.58645904995501;2024-09-04 23:18:49Z
9/4/2024 10:51:44 PM;3;24;146.60000610351562;3545.5;78;2.1549999713897705;135;38.773914612829685;-90.58654429391026;2024-09-04 23:18:55Z
9/4/2024 10:51:44 PM;3;25;146.1999969482422;3563.3701171875;78;2.1649999618530273;134;38.77405568026006;-90.58664018288255;2024-09-04 23:19:03Z
9/4/2024 10:51:44 PM;3;26;146.0;3584.0;78;2.1740000247955322;133;38.77423111349344;-90.58671729639173;2024-09-04 23:19:13Z
9/4/2024 10:51:44 PM;3;27;146.0;3587.64990234375;79;2.1740000247955322;133;38.77426187507808;-90.58673213236034;2024-09-04 23:19:15Z
9/4/2024 10:51:44 PM;3;28;145.8000030517578;3605.449951171875;78;2.1649999618530273;132;38.774414425715804;-90.58679524809122;2024-09-04 23:19:24Z
9/4/2024 10:51:44 PM;3;29;145.60000610351562;3609.6298828125;79;2.1649999618530273;129;38.7744490429759;-90.58681461028755;2024-09-04 23:19:26Z
9/4/2024 10:51:44 PM;3;30;145.60000610351562;3611.81005859375;79;2.1649999618530273;133;38.77446656115353;-90.58682592585683;2024-09-04 23:19:27Z
9/4/2024 10:51:44 PM;3;31;145.8000030517578;3621.9599609375;79;2.1459999084472656;134;38.77455188892782;-90.58686833828688;2024-09-04 23:19:32Z
9/4/2024 10:51:44 PM;3;32;146.60000610351562;3643.889892578125;77;2.127000093460083;133;38.77473872154951;-90.58694964274764;2024-09-04 23:19:42Z
9/4/2024 10:51:44 PM;3;33;147.0;3662.25;79;2.127000093460083;132;38.774895714595914;-90.58699532411993;2024-09-04 23:19:51Z
9/4/2024 10:51:44 PM;3;34;145.8000030517578;3682.929931640625;78;2.127000093460083;132;;;2024-09-04 23:20:01Z
9/4/2024 10:51:44 PM;3;35;147.0;3691.449951171875;79;2.127000093460083;133;38.77515932545066;-90.5869669932872;2024-09-04 23:20:05Z
9/4/2024 10:51:44 PM;3;36;147.0;3712.4599609375;78;2.1649999618530273;135;38.775247083976865;-90.58699934743345;2024-09-04 23:20:09Z
9/4/2024 10:51:44 PM;3;37;147.0;3719.4599609375;78;2.1649999618530273;135;38.77530827187002;-90.58701812289655;2024-09-04 23:20:12Z
9/4/2024 10:51:44 PM;3;38;147.0;3738.989990234375;79;2.183000087738037;136;38.77547255717218;-90.58709473349154;2024-09-04 23:20:21Z
9/4/2024 10:51:44 PM;3;39;147.0;3755.669921875;78;2.1740000247955322;136;38.77562209032476;-90.58708216063678;2024-09-04 23:20:29Z
9/4/2024 10:51:44 PM;3;40;147.0;3772.919921875;77;2.193000078201294;138;38.775777323171496;-90.5870726890862;2024-09-04 23:20:37Z
9/4/2024 10:51:44 PM;3;41;147.0;3786.8701171875;78;2.1649999618530273;139;38.775902884081006;-90.58707855641842;2024-09-04 23:20:44Z
9/4/2024 10:51:44 PM;3;42;147.0;3804.429931640625;78;2.13700008392334;139;38.77606046386063;-90.58706506155431;2024-09-04 23:20:52Z
9/4/2024 10:51:44 PM;3;43;147.0;3824.090087890625;78;2.1459999084472656;139;38.77623732201755;-90.58705542236567;2024-09-04 23:21:01Z
9/4/2024 10:51:44 PM;3;44;146.39999389648438;3842.929931640625;79;2.127000093460083;140;38.776406552642584;-90.58704402297735;2024-09-04 23:21:10Z
9/4/2024 10:51:44 PM;3;45;146.1999969482422;3851.89990234375;80;2.127000093460083;143;38.77648735418916;-90.58703631162643;2024-09-04 23:21:14Z
9/4/2024 10:51:44 PM;3;46;146.0;3865.510009765625;78;2.13700008392334;143;38.77660964615643;-90.58702600188553;2024-09-04 23:21:20Z
9/4/2024 10:51:44 PM;3;47;146.0;3886.56005859375;79;2.1089999675750732;145;38.776798993349075;-90.58701309375465;2024-09-04 23:21:31Z
9/4/2024 10:51:44 PM;3;48;146.0;3891.06005859375;77;2.0339999198913574;147;38.77677376382053;-90.58702147565782;2024-09-04 23:21:35Z
9/4/2024 10:51:44 PM;3;49;146.0;3911.199951171875;79;2.0989999771118164;148;38.77659187652171;-90.58700982481241;2024-09-04 23:21:42Z
9/4/2024 10:51:44 PM;3;50;146.0;3913.780029296875;79;2.118000030517578;148;38.77656865864992;-90.58701016008854;2024-09-04 23:21:43Z
9/4/2024 10:51:44 PM;3;51;146.39999389648438;3931.27001953125;78;2.1459999084472656;149;38.776411497965455;-90.58702030219138;2024-09-04 23:21:51Z
9/4/2024 10:51:44 PM;3;52;147.0;3951.830078125;79;2.13700008392334;149;38.77622642554343;-90.58697629719973;2024-09-04 23:21:59Z
9/4/2024 10:51:44 PM;3;53;147.0;3955.669921875;79;2.13700008392334;148;38.77619189210236;-90.5869793985039;2024-09-04 23:22:01Z
9/4/2024 10:51:44 PM;3;54;147.0;3970.679931640625;79;2.1459999084472656;146;38.77605761401355;-90.5870000179857;2024-09-04 23:22:08Z
9/4/2024 10:51:44 PM;3;55;147.0;3980.159912109375;78;2.13700008392334;143;38.775972202420235;-90.58700446039438;2024-09-04 23:22:12Z
9/4/2024 10:51:44 PM;3;56;147.0;3986.22998046875;79;2.127000093460083;143;38.77591763623059;-90.58701024390757;2024-09-04 23:22:15Z
9/4/2024 10:51:44 PM;3;57;147.0;4006.320068359375;79;2.0989999771118164;141;38.77573692239821;-90.58701569214463;2024-09-04 23:22:25Z
9/4/2024 10:51:44 PM;3;58;147.0;4013.64990234375;79;2.0899999141693115;141;38.77567112445831;-90.58702290058136;2024-09-04 23:22:28Z
9/4/2024 10:51:44 PM;3;59;147.0;4030.989990234375;78;2.0989999771118164;140;38.77551899291575;-90.58706648647785;2024-09-04 23:22:37Z
9/4/2024 10:51:44 PM;3;60;147.0;4049.8798828125;77;2.0899999141693115;137;38.77535202540457;-90.5870552547276;2024-09-04 23:22:46Z
9/4/2024 10:51:44 PM;3;61;147.0;4057.64990234375;77;2.0989999771118164;134;38.775289161130786;-90.58701527304947;2024-09-04 23:22:50Z
9/4/2024 10:51:44 PM;3;62;147.0;4066.179931640625;78;2.118000030517578;132;38.77522034570575;-90.58697193861008;2024-09-04 23:22:54Z
9/4/2024 10:51:44 PM;3;63;147.0;4084.239990234375;78;2.13700008392334;133;38.775057485327125;-90.58697143569589;2024-09-04 23:23:01Z
9/4/2024 10:51:44 PM;3;64;155.8000030517578;4106.39013671875;78;2.1459999084472656;133;;;2024-09-04 23:23:11Z
9/4/2024 10:51:44 PM;3;65;146.60000610351562;4126.18017578125;79;2.1459999084472656;136;38.77478348091245;-90.58694771490991;2024-09-04 23:23:18Z
9/4/2024 10:51:44 PM;3;66;146.60000610351562;4128.7099609375;79;2.1549999713897705;136;38.77476411871612;-90.5869307834655;2024-09-04 23:23:19Z
9/4/2024 10:51:44 PM;3;67;146.0;4144.60009765625;77;2.127000093460083;139;38.77462472766638;-90.58688870631158;2024-09-04 23:23:27Z
9/4/2024 10:51:44 PM;3;68;146.0;4151.0498046875;79;2.118000030517578;140;38.77457317896187;-90.58685450814664;2024-09-04 23:23:30Z
9/4/2024 10:51:44 PM;3;69;145.8000030517578;4171.56005859375;76;2.00600004196167;140;38.77439673990011;-90.58678686618805;2024-09-04 23:23:41Z
9/4/2024 10:51:44 PM;3;70;146.0;4187.77978515625;78;1.940999984741211;140;38.77426070161164;-90.58671738021076;2024-09-04 23:23:49Z
9/4/2024 10:51:44 PM;3;71;146.39999389648438;4209.009765625;77;1.940999984741211;140;38.774087028577924;-90.58661763556302;2024-09-04 23:23:59Z
9/4/2024 10:51:44 PM;3;72;146.60000610351562;4222.5;77;1.9500000476837158;140;38.77397387288511;-90.58655242435634;2024-09-04 23:24:06Z
9/4/2024 10:51:44 PM;3;73;146.60000610351562;4226.41015625;77;1.940999984741211;143;38.77394277602434;-90.58653130196035;2024-09-04 23:24:09Z
9/4/2024 10:51:44 PM;3;74;146.39999389648438;4236.16015625;78;1.9129999876022339;146;38.773875050246716;-90.58645888231695;2024-09-04 23:24:14Z
9/4/2024 10:51:44 PM;3;75;146.39999389648438;4238.52978515625;78;1.9129999876022339;146;38.77385996282101;-90.58643943630159;2024-09-04 23:24:15Z
9/4/2024 10:51:44 PM;3;76;146.0;4250.18017578125;78;1.902999997138977;146;38.77375812269747;-90.5864143744111;2024-09-04 23:24:21Z
9/4/2024 10:51:44 PM;3;77;146.0;4259.52001953125;78;1.902999997138977;143;38.77367380075157;-90.5864178109914;2024-09-04 23:24:25Z
9/4/2024 10:51:44 PM;3;78;146.0;4265.56982421875;78;1.902999997138977;140;38.77361956983805;-90.5864146258682;2024-09-04 23:24:28Z
9/4/2024 10:51:44 PM;3;79;146.0;4271.25;78;1.9129999876022339;140;38.77356852404773;-90.58641923591495;2024-09-04 23:24:31Z
9/4/2024 10:51:44 PM;3;80;146.0;4275.2998046875;78;1.9129999876022339;140;38.77353231422603;-90.58642527088523;2024-09-04 23:24:33Z
9/4/2024 10:51:44 PM;3;81;146.0;4290.58984375;78;1.9129999876022339;141;38.773396192118526;-90.58644589036703;2024-09-04 23:24:41Z
9/4/2024 10:51:44 PM;3;82;146.0;4294.47998046875;76;1.9129999876022339;141;38.773362496867776;-90.58645879849792;2024-09-04 23:24:43Z
9/4/2024 10:51:44 PM;3;83;146.0;4307.6201171875;79;1.9220000505447388;140;38.77324976027012;-90.58641588315368;2024-09-04 23:24:49Z
9/4/2024 10:51:44 PM;3;84;146.39999389648438;4323.0498046875;78;1.930999994277954;137;38.773129899054766;-90.58632527478039;2024-09-04 23:24:56Z
9/4/2024 10:51:44 PM;3;85;146.39999389648438;4329.7001953125;77;1.940999984741211;138;38.77307114191353;-90.58631588704884;2024-09-04 23:24:59Z
9/4/2024 10:51:44 PM;3;86;146.39999389648438;4345.39990234375;77;1.9589999914169312;138;38.77293233759701;-90.58630004525185;2024-09-04 23:25:08Z
9/4/2024 10:51:44 PM;3;87;146.60000610351562;4360.5;77;1.9500000476837158;141;38.77280769869685;-90.58622879907489;2024-09-04 23:25:15Z
9/4/2024 10:51:44 PM;3;88;146.60000610351562;4362.25;78;1.9500000476837158;141;38.77279437147081;-90.58621815405786;2024-09-04 23:25:16Z
9/4/2024 10:51:44 PM;3;89;146.1999969482422;4372.5498046875;77;1.940999984741211;140;38.77270367927849;-90.58618881739676;2024-09-04 23:25:22Z
9/4/2024 10:51:44 PM;3;90;146.0;4381.5400390625;75;1.9220000505447388;137;38.77262773923576;-90.58615336194634;2024-09-04 23:25:27Z
9/4/2024 10:51:44 PM;3;91;146.0;4386.18994140625;76;1.9129999876022339;138;38.77259555272758;-90.58611924760044;2024-09-04 23:25:30Z
9/4/2024 10:51:44 PM;3;92;146.0;4398.8701171875;76;1.8660000562667847;139;38.77251206897199;-90.58602092787623;2024-09-04 23:25:38Z
9/4/2024 10:51:44 PM;3;93;146.0;4413.72021484375;78;1.8380000591278076;140;38.772453647106886;-90.58586628176272;2024-09-04 23:25:45Z
9/4/2024 10:51:44 PM;3;94;146.1999969482422;4433.97998046875;77;1.8660000562667847;141;38.77242070622742;-90.58563854545355;2024-09-04 23:25:52Z
9/4/2024 10:51:44 PM;3;95;146.1999969482422;4436.5;77;1.8849999904632568;140;38.77241374924779;-90.58561088517308;2024-09-04 23:25:53Z
9/4/2024 10:51:44 PM;3;96;146.0;4456.259765625;77;2.015000104904175;141;38.772374941036105;-90.58539169840515;2024-09-04 23:26:02Z
9/4/2024 10:51:44 PM;3;97;146.1999969482422;4469.02001953125;79;1.9500000476837158;140;38.77231517806649;-90.58526722714305;2024-09-04 23:26:09Z
9/4/2024 10:51:44 PM;3;98;146.39999389648438;4484.52978515625;77;1.8660000562667847;140;38.772207889705896;-90.58515541255474;2024-09-04 23:26:17Z
9/4/2024 10:51:44 PM;3;99;146.1999969482422;4488.0;77;1.8569999933242798;142;38.772177044302225;-90.58514862321317;2024-09-04 23:26:19Z
9/4/2024 10:51:44 PM;3;100;146.0;4494.06005859375;76;1.8569999933242798;144;38.77212155610323;-90.58514937758446;2024-09-04 23:26:22Z
9/4/2024 10:51:44 PM;3;101;146.39999389648438;4511.75;78;1.9129999876022339;146;38.771965485066175;-90.58513571508229;2024-09-04 23:26:29Z
9/4/2024 10:51:44 PM;3;102;146.39999389648438;4532.56982421875;79;2.0429999828338623;149;38.77178116701543;-90.58508986607194;2024-09-04 23:26:37Z
9/4/2024 10:51:44 PM;3;103;147.60000610351562;4554.25;78;2.183000087738037;147;38.77159047871828;-90.58503915555775;2024-09-04 23:26:46Z
9/4/2024 10:51:44 PM;3;104;147.8000030517578;4557.0498046875;79;2.2019999027252197;151;38.771566255018115;-90.58502985164523;2024-09-04 23:26:47Z
9/4/2024 10:51:44 PM;3;105;147.8000030517578;4576.02978515625;79;2.1740000247955322;151;38.771400125697255;-90.58498492464423;2024-09-04 23:26:56Z
9/4/2024 10:51:44 PM;3;106;147.1999969482422;4593.58984375;79;2.13700008392334;148;38.77124791033566;-90.584931448102;2024-09-04 23:27:04Z
9/4/2024 10:51:44 PM;3;107;147.0;4598.0;79;2.1459999084472656;146;38.77120918594301;-90.5849174503237;2024-09-04 23:27:06Z
9/4/2024 10:51:44 PM;3;108;147.0;4612.43017578125;79;2.1459999084472656;143;38.77107884734869;-90.58491577394307;2024-09-04 23:27:13Z
9/4/2024 10:51:44 PM;3;109;147.0;4618.22998046875;79;2.127000093460083;144;38.771026795729995;-90.58491359464824;2024-09-04 23:27:16Z
9/4/2024 10:51:44 PM;3;110;147.60000610351562;4634.02978515625;78;2.118000030517578;143;38.77088581211865;-90.58493320830166;2024-09-04 23:27:24Z
9/4/2024 10:51:44 PM;3;111;148.60000610351562;4653.06982421875;78;2.0989999771118164;145;38.770720437169075;-90.58498886413872;2024-09-04 23:27:33Z
9/4/2024 10:51:44 PM;3;112;149.0;4670.77001953125;79;2.1089999675750732;145;38.77056528814137;-90.58497411198914;2024-09-04 23:27:41Z
9/4/2024 10:51:44 PM;3;113;149.39999389648438;4687.25;78;2.1089999675750732;145;38.770421370863914;-90.58495927602053;2024-09-04 23:27:49Z
9/4/2024 10:51:44 PM;3;114;149.1999969482422;4695.41015625;78;2.0989999771118164;148;38.77035029232502;-90.58494427241385;2024-09-04 23:27:53Z
9/4/2024 10:51:44 PM;3;115;149.1999969482422;4697.56982421875;78;2.0989999771118164;144;38.77033310942352;-90.58493220247328;2024-09-04 23:27:54Z
9/4/2024 10:51:44 PM;3;116;149.0;4701.72021484375;78;2.0989999771118164;144;38.77030394040048;-90.58490202762187;2024-09-04 23:27:56Z
9/4/2024 10:51:44 PM;3;117;149.0;4721.77978515625;78;2.071000099182129;145;38.770149210467935;-90.58478174731135;2024-09-04 23:28:04Z
9/4/2024 10:51:44 PM;3;118;149.0;4723.77978515625;78;2.071000099182129;145;38.77013144083321;-90.5847773887217;2024-09-04 23:28:05Z
9/4/2024 10:51:44 PM;3;119;149.0;4741.6201171875;79;2.0989999771118164;145;38.7699731066823;-90.5847329646349;2024-09-04 23:28:13Z
9/4/2024 10:51:44 PM;3;120;148.8000030517578;4756.06005859375;78;2.1089999675750732;144;38.769843773916364;-90.5847086571157;2024-09-04 23:28:20Z
9/4/2024 10:51:44 PM;3;121;148.8000030517578;4770.6298828125;78;2.0899999141693115;144;38.76971494406462;-90.58473397046328;2024-09-04 23:28:28Z
9/4/2024 10:51:44 PM;3;122;149.1999969482422;4789.3701171875;78;2.052999973297119;145;38.76954688690603;-90.584717374295;2024-09-04 23:28:37Z
9/4/2024 10:51:44 PM;3;123;149.8000030517578;4809.6298828125;79;2.052999973297119;144;38.7693636585027;-90.58471402153373;2024-09-04 23:28:46Z
9/4/2024 10:51:44 PM;3;124;149.8000030517578;4813.3701171875;79;2.062000036239624;143;38.76933113671839;-90.5847239959985;2024-09-04 23:28:48Z
9/4/2024 10:51:44 PM;3;125;150.1999969482422;4830.31005859375;78;2.062000036239624;143;38.76917657442391;-90.58469046838582;2024-09-04 23:28:55Z
9/4/2024 10:51:44 PM;4;1;149.8000030517578;4847.009765625;78;1.9780000448226929;142;38.76904648728669;-90.58460011146963;2024-09-04 23:29:05Z
9/4/2024 10:51:44 PM;4;2;150.0;4867.7998046875;79;1.9780000448226929;141;38.76890877261758;-90.58442886918783;2024-09-04 23:29:13Z
9/4/2024 10:51:44 PM;4;3;150.0;4870.7001953125;79;1.9869999885559082;141;38.76888840459287;-90.58440732769668;2024-09-04 23:29:15Z
9/4/2024 10:51:44 PM;4;4;150.0;4880.240234375;78;1.9129999876022339;139;38.768841717392206;-90.5843164678663;2024-09-04 23:29:22Z
9/4/2024 10:51:44 PM;4;5;149.60000610351562;4897.0498046875;77;1.8009999990463257;138;38.76883082091808;-90.58411915786564;2024-09-04 23:29:30Z
9/4/2024 10:51:44 PM;4;6;149.0;4918.64013671875;79;2.015000104904175;137;38.76876913011074;-90.58390617370605;2024-09-04 23:29:38Z
9/4/2024 10:51:44 PM;4;7;149.60000610351562;4939.1298828125;75;1.9869999885559082;138;38.76859084703028;-90.58385035023093;2024-09-04 23:29:47Z
9/4/2024 10:51:44 PM;4;8;149.60000610351562;4940.16015625;76;1.968999981880188;138;38.76858539879322;-90.58383693918586;2024-09-04 23:29:48Z
9/4/2024 10:51:44 PM;4;9;149.1999969482422;4957.259765625;78;1.9780000448226929;139;38.7684812117368;-90.58369235135615;2024-09-04 23:29:55Z
9/4/2024 10:51:44 PM;4;10;149.0;4975.580078125;78;2.0899999141693115;139;38.76844164915383;-90.58349051512778;2024-09-04 23:30:04Z
9/4/2024 10:51:44 PM;4;11;149.0;4988.56982421875;78;2.0989999771118164;140;38.768455646932125;-90.58334207162261;2024-09-04 23:30:12Z
9/4/2024 10:51:44 PM;4;12;155.39999389648438;5009.2001953125;78;2.052999973297119;140;;;2024-09-04 23:30:22Z
9/4/2024 10:51:44 PM;4;13;149.0;5015.35986328125;78;2.062000036239624;139;38.768396973609924;-90.58299623429775;2024-09-04 23:30:25Z
9/4/2024 10:51:44 PM;4;14;149.0;5031.990234375;76;2.052999973297119;138;38.76839051954448;-90.58291166089475;2024-09-04 23:30:28Z
9/4/2024 10:51:44 PM;4;15;149.60000610351562;5046.75;75;2.015000104904175;138;38.76837132498622;-90.58274419046938;2024-09-04 23:30:36Z
9/4/2024 10:51:44 PM;4;16;151.0;5064.52001953125;76;2.071000099182129;140;38.768330588936806;-90.58254537172616;2024-09-04 23:30:46Z
9/4/2024 10:51:44 PM;4;17;151.1999969482422;5077.27001953125;76;2.052999973297119;142;38.76833469606936;-90.58239952661097;2024-09-04 23:30:53Z
9/4/2024 10:51:44 PM;4;18;151.39999389648438;5089.14013671875;78;2.0429999828338623;143;38.768353052437305;-90.58225896209478;2024-09-04 23:30:59Z
9/4/2024 10:51:44 PM;4;19;151.39999389648438;5106.8701171875;78;2.062000036239624;144;38.768319357186556;-90.58205653913319;2024-09-04 23:31:08Z
9/4/2024 10:51:44 PM;4;20;151.60000610351562;5117.8701171875;78;2.062000036239624;144;38.768298821523786;-90.5819302238524;2024-09-04 23:31:14Z
9/4/2024 10:51:44 PM;4;21;151.1999969482422;5131.9501953125;78;2.015000104904175;143;38.768244087696075;-90.58178295381367;2024-09-04 23:31:22Z
9/4/2024 10:51:44 PM;4;22;151.8000030517578;5145.240234375;78;2.00600004196167;140;38.76816085539758;-90.58167382143438;2024-09-04 23:31:27Z
9/4/2024 10:51:44 PM;4;23;152.39999389648438;5149.740234375;78;2.015000104904175;140;38.768131183460355;-90.58163870126009;2024-09-04 23:31:29Z
9/4/2024 10:51:44 PM;4;24;153.39999389648438;5157.18017578125;78;2.0250000953674316;137;38.76807116903365;-90.58159897103906;2024-09-04 23:31:32Z
9/4/2024 10:51:44 PM;4;25;153.60000610351562;5158.47021484375;78;2.0250000953674316;140;38.76806253567338;-90.581588242203;2024-09-04 23:31:33Z
9/4/2024 10:51:44 PM;4;26;153.39999389648438;5162.66015625;78;1.9129999876022339;140;38.76803319901228;-90.58155857026577;2024-09-04 23:31:36Z
9/4/2024 10:51:44 PM;4;27;152.60000610351562;5176.919921875;76;1.8380000591278076;138;38.76792423427105;-90.58146988973022;2024-09-04 23:31:43Z
9/4/2024 10:51:44 PM;4;28;153.1999969482422;5189.6298828125;77;1.7359999418258667;138;38.767815520986915;-90.58140040375292;2024-09-04 23:31:51Z
9/4/2024 10:51:44 PM;4;29;153.8000030517578;5204.68994140625;79;1.6890000104904175;140;38.76768375746906;-90.58132437989116;2024-09-04 23:31:58Z
9/4/2024 10:51:44 PM;4;30;153.60000610351562;5206.4599609375;79;1.6979999542236328;139;38.76766808331013;-90.5813136510551;2024-09-04 23:31:59Z
9/4/2024 10:51:44 PM;4;31;152.1999969482422;5223.33984375;78;1.7170000076293945;141;38.76756791956723;-90.58115389198065;2024-09-04 23:32:07Z
9/4/2024 10:51:44 PM;4;32;152.8000030517578;5239.89013671875;78;1.7359999418258667;142;38.767455434426665;-90.58103570714593;2024-09-04 23:32:14Z
9/4/2024 10:51:44 PM;4;33;152.0;5259.06005859375;78;1.753999948501587;141;38.767338087782264;-90.5808730982244;2024-09-04 23:32:24Z
9/4/2024 10:51:44 PM;4;34;152.39999389648438;5278.25;78;1.940999984741211;142;38.767217388376594;-90.58071283623576;2024-09-04 23:32:32Z
9/4/2024 10:51:44 PM;4;35;152.1999969482422;5288.990234375;78;1.968999981880188;140;38.76714639365673;-90.5806312803179;2024-09-04 23:32:38Z
9/4/2024 10:51:44 PM;4;36;152.60000610351562;5307.60986328125;79;1.9129999876022339;139;38.76700616441667;-90.58051091618836;2024-09-04 23:32:46Z
9/4/2024 10:51:44 PM;4;37;152.8000030517578;5323.91015625;78;1.8940000534057617;137;38.766868533566594;-90.58044293895364;2024-09-04 23:32:54Z
9/4/2024 10:51:44 PM;4;38;152.39999389648438;5341.81982421875;80;1.8849999904632568;137;38.76675101928413;-90.58030212298036;2024-09-04 23:33:03Z
9/4/2024 10:51:44 PM;4;39;152.60000610351562;5362.169921875;78;1.9220000505447388;139;38.766650101169944;-90.58010280132294;2024-09-04 23:33:13Z
9/4/2024 10:51:44 PM;4;40;152.39999389648438;5364.58984375;78;1.930999994277954;139;38.76663241535425;-90.58008662424982;2024-09-04 23:33:14Z
9/4/2024 10:51:44 PM;4;41;152.39999389648438;5379.8701171875;78;1.9869999885559082;140;38.7665212713182;-90.57997430674732;2024-09-04 23:33:21Z
9/4/2024 10:51:44 PM;4;42;153.0;5400.93994140625;77;2.062000036239624;137;38.76635807566345;-90.57983223348856;2024-09-04 23:33:28Z
9/4/2024 10:51:44 PM;4;43;153.0;5406.31005859375;78;2.0810000896453857;140;38.7663190998137;-90.5797940120101;2024-09-04 23:33:30Z
9/4/2024 10:51:44 PM;4;44;153.1999969482422;5418.2099609375;78;2.0989999771118164;141;38.76622446812689;-90.57972771115601;2024-09-04 23:33:37Z
9/4/2024 10:51:44 PM;4;45;154.0;5434.43017578125;78;2.2209999561309814;141;38.76610997132957;-90.57961212471128;2024-09-04 23:33:45Z
9/4/2024 10:51:44 PM;4;46;153.1999969482422;5450.080078125;79;2.2109999656677246;142;38.76599027775228;-90.57952084578574;2024-09-04 23:33:52Z
9/4/2024 10:51:44 PM;4;47;153.39999389648438;5461.2900390625;79;2.2109999656677246;146;38.76591886393726;-90.57942654937506;2024-09-04 23:33:56Z
9/4/2024 10:51:44 PM;4;48;153.60000610351562;5463.240234375;79;2.2209999561309814;143;38.76590293832123;-90.57941682636738;2024-09-04 23:33:57Z
9/4/2024 10:51:44 PM;4;49;154.0;5471.259765625;79;2.239000082015991;144;38.76586387865245;-90.57933485135436;2024-09-04 23:34:01Z
9/4/2024 10:51:44 PM;4;50;154.0;5492.77001953125;78;2.249000072479248;145;38.765701772645116;-90.57920074090362;2024-09-04 23:34:11Z
9/4/2024 10:51:44 PM;4;51;154.0;5511.41015625;79;2.2109999656677246;145;38.76557998359203;-90.57905447669327;2024-09-04 23:34:19Z
9/4/2024 10:51:44 PM;4;52;154.0;5532.080078125;80;2.2300000190734863;145;38.76543648540974;-90.57891592383385;2024-09-04 23:34:28Z
9/4/2024 10:51:44 PM;4;53;154.0;5534.85009765625;80;2.239000082015991;146;38.76541553065181;-90.57893520221114;2024-09-04 23:34:29Z
9/4/2024 10:51:44 PM;4;54;154.1999969482422;5544.490234375;79;2.2669999599456787;145;38.76534076407552;-90.57899253442883;2024-09-04 23:34:33Z
9/4/2024 10:51:44 PM;4;55;154.60000610351562;5557.52978515625;77;2.313999891281128;145;38.7652447912842;-90.5790788680315;2024-09-04 23:34:39Z
9/4/2024 10:51:44 PM;4;56;155.0;5572.580078125;79;2.3329999446868896;147;38.765125684440136;-90.57916142977774;2024-09-04 23:34:46Z
9/4/2024 10:51:44 PM;4;57;156.1999969482422;5587.14013671875;78;2.3329999446868896;147;38.765005404129624;-90.57922647334635;2024-09-04 23:34:53Z
9/4/2024 10:51:44 PM;4;58;156.39999389648438;5591.3701171875;78;2.3329999446868896;147;38.76496902666986;-90.57921415194869;2024-09-04 23:34:55Z
9/4/2024 10:51:44 PM;4;59;156.1999969482422;5603.27978515625;76;2.3420000076293945;147;38.7648961879313;-90.57911549694836;2024-09-04 23:35:00Z
9/4/2024 10:51:44 PM;4;60;155.8000030517578;5610.66015625;80;2.3329999446868896;148;38.7648686952889;-90.57903679087758;2024-09-04 23:35:04Z
9/4/2024 10:51:44 PM;4;61;155.60000610351562;5615.2001953125;79;2.3329999446868896;149;38.76483801752329;-90.5790011677891;2024-09-04 23:35:06Z
9/4/2024 10:51:44 PM;4;62;156.1999969482422;5628.509765625;78;2.313999891281128;149;38.76476769335568;-90.57887636125088;2024-09-04 23:35:13Z
9/4/2024 10:51:44 PM;4;63;156.8000030517578;5637.4501953125;79;2.2300000190734863;145;38.76470600254834;-90.57880712673068;2024-09-04 23:35:19Z
9/4/2024 10:51:44 PM;4;64;157.0;5644.47021484375;78;2.1549999713897705;147;38.76465395092964;-90.57875976897776;2024-09-04 23:35:22Z
9/4/2024 10:51:44 PM;4;65;158.1999969482422;5660.89990234375;78;2.052999973297119;147;38.764533922076225;-90.57862230576575;2024-09-04 23:35:29Z
9/4/2024 10:51:44 PM;4;66;159.39999389648438;5676.41015625;79;2.071000099182129;149;38.76443434506655;-90.57849808596075;2024-09-04 23:35:36Z
9/4/2024 10:51:44 PM;4;67;159.0;5683.5400390625;79;2.0899999141693115;148;38.76438078470528;-90.57845240458846;2024-09-04 23:35:39Z
9/4/2024 10:51:44 PM;4;68;158.60000610351562;5690.10986328125;78;2.118000030517578;146;38.76432806253433;-90.57841451838613;2024-09-04 23:35:42Z
9/4/2024 10:51:44 PM;4;69;158.60000610351562;5693.83984375;77;2.0899999141693115;149;38.76429612748325;-90.57839825749397;2024-09-04 23:35:44Z
9/4/2024 10:51:44 PM;4;70;158.60000610351562;5695.1298828125;77;2.071000099182129;146;38.76428447663784;-90.57839264161885;2024-09-04 23:35:45Z
9/4/2024 10:51:44 PM;4;71;158.8000030517578;5703.27978515625;78;1.968999981880188;147;38.764217337593436;-90.57835081592202;2024-09-04 23:35:49Z
9/4/2024 10:51:44 PM;4;72;158.8000030517578;5705.990234375;78;1.968999981880188;146;38.76419713720679;-90.57833313010633;2024-09-04 23:35:50Z
9/4/2024 10:51:44 PM;4;73;157.39999389648438;5726.85009765625;80;2.015000104904175;145;38.76404860988259;-90.57818468660116;2024-09-04 23:35:58Z
9/4/2024 10:51:44 PM;4;74;156.60000610351562;5746.39990234375;78;2.1459999084472656;145;38.76390980556607;-90.57803984731436;2024-09-04 23:36:07Z
9/4/2024 10:51:44 PM;4;75;156.60000610351562;5766.1298828125;80;2.0810000896453857;146;38.76376060768962;-90.57791613042355;2024-09-04 23:36:16Z
9/4/2024 10:51:44 PM;4;76;157.1999969482422;5783.990234375;79;2.052999973297119;146;38.76364544034004;-90.57777422480285;2024-09-04 23:36:26Z
9/4/2024 10:51:44 PM;4;77;158.0;5802.22021484375;79;2.1089999675750732;146;38.76349783502519;-90.57768177241087;2024-09-04 23:36:33Z
9/4/2024 10:51:44 PM;4;78;158.0;5804.6201171875;79;2.1089999675750732;146;38.76347587443888;-90.5776805151254;2024-09-04 23:36:34Z
9/4/2024 10:51:44 PM;4;79;157.60000610351562;5818.330078125;79;2.071000099182129;146;38.763394402340055;-90.57756710797548;2024-09-04 23:36:40Z
9/4/2024 10:51:44 PM;4;80;157.0;5837.27978515625;79;2.0339999198913574;149;38.76330664381385;-90.57737834751606;2024-09-04 23:36:50Z
9/4/2024 10:51:44 PM;4;81;156.8000030517578;5857.5498046875;79;2.118000030517578;148;38.763255681842566;-90.57715815491974;2024-09-04 23:36:59Z
9/4/2024 10:51:44 PM;4;82;157.0;5876.580078125;79;2.183000087738037;144;38.76323875039816;-90.57694097980857;2024-09-04 23:37:06Z
9/4/2024 10:51:44 PM;4;83;157.0;5882.06005859375;78;2.2109999656677246;147;38.76322332769632;-90.57688037864864;2024-09-04 23:37:08Z
9/4/2024 10:51:44 PM;4;84;157.0;5894.7998046875;78;2.2669999599456787;147;38.76322810538113;-90.57673495262861;2024-09-04 23:37:13Z
9/4/2024 10:51:44 PM;4;85;157.0;5899.8701171875;80;2.305000066757202;147;38.76325241290033;-90.57668642140925;2024-09-04 23:37:15Z
9/4/2024 10:51:44 PM;4;86;157.1999969482422;5907.81982421875;80;2.378999948501587;146;38.76331712119281;-90.576646104455;2024-09-04 23:37:18Z
9/4/2024 10:51:44 PM;4;87;157.60000610351562;5922.35009765625;79;2.575000047683716;146;38.763419296592474;-90.57655817829072;2024-09-04 23:37:24Z
9/4/2024 10:51:44 PM;4;88;157.60000610351562;5924.669921875;79;2.5850000381469727;146;38.76340546645224;-90.57653797790408;2024-09-04 23:37:25Z
9/4/2024 10:51:44 PM;4;89;157.60000610351562;5929.56982421875;78;2.5850000381469727;145;38.76336674205959;-90.5765110719949;2024-09-04 23:37:27Z
9/4/2024 10:51:44 PM;4;90;157.0;5946.3701171875;79;2.490999937057495;146;38.76322014257312;-90.57646488770843;2024-09-04 23:37:34Z
9/4/2024 10:51:44 PM;4;91;157.0;5968.759765625;80;2.3889999389648438;148;38.763021575286984;-90.57640797458589;2024-09-04 23:37:43Z
9/4/2024 10:51:44 PM;4;92;157.60000610351562;5986.990234375;80;2.4170000553131104;148;38.76286240294576;-90.57636338286102;2024-09-04 23:37:49Z
9/4/2024 10:51:44 PM;4;93;158.60000610351562;6003.93017578125;79;2.305000066757202;148;38.76272267661989;-90.5762954056263;2024-09-04 23:37:56Z
9/4/2024 10:51:44 PM;4;94;158.8000030517578;6020.85009765625;78;2.2769999504089355;145;38.76259250566363;-90.57619247585535;2024-09-04 23:38:03Z
9/4/2024 10:51:44 PM;4;95;158.8000030517578;6022.509765625;78;2.2860000133514404;144;38.76257758587599;-90.57619214057922;2024-09-04 23:38:04Z
9/4/2024 10:51:44 PM;4;96;158.8000030517578;6024.10009765625;78;2.2860000133514404;147;38.762563336640596;-90.57619113475084;2024-09-04 23:38:05Z
9/4/2024 10:51:44 PM;4;97;158.8000030517578;6039.22021484375;79;2.2300000190734863;146;38.76243023201823;-90.5761550925672;2024-09-04 23:38:12Z
9/4/2024 10:51:44 PM;4;98;160.0;6054.06005859375;78;2.183000087738037;148;38.76229612156749;-90.57613690383732;2024-09-04 23:38:20Z
9/4/2024 10:51:44 PM;4;99;160.60000610351562;6058.89013671875;78;2.1549999713897705;151;38.76225471496582;-90.57611586526036;2024-09-04 23:38:23Z
9/4/2024 10:51:44 PM;4;100;161.39999389648438;6064.39990234375;78;2.1459999084472656;150;38.76220777630806;-90.57609214447439;2024-09-04 23:38:26Z
9/4/2024 10:51:44 PM;4;101;161.1999969482422;6078.14013671875;78;2.127000093460083;148;38.7620934471488;-90.57602877728641;2024-09-04 23:38:32Z
9/4/2024 10:51:44 PM;4;102;161.0;6098.56005859375;79;2.1649999618530273;149;38.76193033531308;-90.57591914199293;2024-09-04 23:38:40Z
9/4/2024 10:51:44 PM;4;103;160.8000030517578;6101.669921875;79;2.1740000247955322;150;38.76190778799355;-90.57589743286371;2024-09-04 23:38:41Z
9/4/2024 10:51:44 PM;4;104;160.60000610351562;6113.81005859375;80;2.2019999027252197;150;38.76181340776384;-90.57581847533584;2024-09-04 23:38:46Z
9/4/2024 10:51:44 PM;4;105;160.8000030517578;6126.7001953125;79;2.2109999656677246;151;38.76170855015516;-90.57573549449444;2024-09-04 23:38:53Z
9/4/2024 10:51:44 PM;4;106;159.8000030517578;6147.22998046875;80;2.0810000896453857;151;38.76156371086836;-90.57557791471481;2024-09-04 23:39:01Z
9/4/2024 10:51:44 PM;4;107;159.8000030517578;6149.06005859375;80;2.052999973297119;151;38.76155164092779;-90.57556374929845;2024-09-04 23:39:02Z
9/4/2024 10:51:44 PM;4;108;160.0;6161.85009765625;80;2.0989999771118164;151;38.761494057253;-90.57543366216123;2024-09-04 23:39:08Z
9/4/2024 10:51:44 PM;4;109;159.60000610351562;6181.06005859375;79;2.0429999828338623;151;38.76147083938122;-90.57521548122168;2024-09-04 23:39:17Z
9/4/2024 10:51:44 PM;4;110;159.8000030517578;6194.31005859375;79;2.1089999675750732;150;38.76139406114817;-90.57509444653988;2024-09-04 23:39:23Z
9/4/2024 10:51:44 PM;4;111;159.60000610351562;6201.35009765625;80;2.127000093460083;150;38.76137411221862;-90.57502127252519;2024-09-04 23:39:26Z
9/4/2024 10:51:44 PM;4;112;160.0;6208.1298828125;79;2.127000093460083;150;38.76133698038757;-90.5749589111656;2024-09-04 23:39:29Z
9/4/2024 10:51:44 PM;4;113;160.60000610351562;6225.509765625;80;2.127000093460083;149;38.761201947927475;-90.57486260309815;2024-09-04 23:39:36Z
9/4/2024 10:51:44 PM;4;114;160.60000610351562;6236.16015625;77;2.118000030517578;143;38.761113015934825;-90.57481432333589;2024-09-04 23:39:40Z
9/4/2024 10:51:44 PM;4;115;160.60000610351562;6238.14013671875;77;2.1089999675750732;147;38.76109482720494;-90.57481558062136;2024-09-04 23:39:41Z
9/4/2024 10:51:44 PM;4;116;160.1999969482422;6246.419921875;78;2.0810000896453857;146;38.76102643087506;-90.57477786205709;2024-09-04 23:39:44Z
9/4/2024 10:51:44 PM;4;117;160.39999389648438;6259.06005859375;79;2.0899999141693115;146;38.760917633771896;-90.5747345276177;2024-09-04 23:39:51Z
9/4/2024 10:51:44 PM;4;118;161.39999389648438;6276.990234375;78;2.1459999084472656;145;38.76076332293451;-90.57467484846711;2024-09-04 23:40:00Z
9/4/2024 10:51:44 PM;4;119;161.1999969482422;6295.68017578125;78;2.2209999561309814;143;38.76059669069946;-90.57465959340334;2024-09-04 23:40:09Z
9/4/2024 10:51:44 PM;4;120;161.0;6309.77978515625;78;2.2019999027252197;144;38.76047674566507;-90.57462346740067;2024-09-04 23:40:16Z
9/4/2024 10:51:44 PM;4;121;160.1999969482422;6327.10009765625;79;2.1459999084472656;145;38.76039803959429;-90.57445272803307;2024-09-04 23:40:24Z
9/4/2024 10:51:44 PM;4;122;160.60000610351562;6347.580078125;78;2.239000082015991;144;38.76029930077493;-90.57425642386079;2024-09-04 23:40:32Z
9/4/2024 10:51:44 PM;4;123;160.60000610351562;6349.41015625;78;2.239000082015991;145;38.760289242491126;-90.57423915714025;2024-09-04 23:40:33Z
9/4/2024 10:51:44 PM;4;124;161.1999969482422;6367.4599609375;79;2.249000072479248;144;38.76012856140733;-90.5742263328284;2024-09-04 23:40:40Z
9/4/2024 10:51:44 PM;4;125;161.39999389648438;6378.3701171875;80;2.257999897003174;147;38.76002999022603;-90.57418459095061;2024-09-04 23:40:46Z
9/4/2024 10:51:44 PM;4;126;161.39999389648438;6380.52978515625;80;2.249000072479248;144;38.76001046039164;-90.57418576441705;2024-09-04 23:40:47Z
9/4/2024 10:51:44 PM;4;127;161.60000610351562;6384.41015625;79;2.2019999027252197;144;38.75997676514089;-90.57419967837632;2024-09-04 23:40:49Z
9/4/2024 10:51:44 PM;4;128;162.60000610351562;6404.72021484375;80;2.1649999618530273;144;38.759801080450416;-90.57426220737398;2024-09-04 23:40:57Z
9/4/2024 10:51:44 PM;4;129;162.8000030517578;6407.64013671875;80;2.1740000247955322;144;38.75977652147412;-90.57427754625678;2024-09-04 23:40:58Z
9/4/2024 10:51:44 PM;4;130;162.8000030517578;6417.0498046875;80;2.239000082015991;148;38.75969563610852;-90.57423773221672;2024-09-04 23:41:03Z
9/4/2024 10:51:44 PM;4;131;162.8000030517578;6419.68017578125;80;2.249000072479248;144;38.75967535190284;-90.57422096841037;2024-09-04 23:41:04Z
9/4/2024 10:51:44 PM;4;132;162.8000030517578;6422.35986328125;79;2.249000072479248;144;38.75965280458331;-90.57420965284109;2024-09-04 23:41:05Z
9/4/2024 10:51:44 PM;4;133;163.39999389648438;6440.10009765625;78;2.2209999561309814;143;38.759503941982985;-90.57412834838033;2024-09-04 23:41:13Z
9/4/2024 10:51:44 PM;5;1;163.60000610351562;6446.080078125;77;2.193000078201294;143;38.75945524312556;-90.5740989279002;2024-09-04 23:41:16Z
9/4/2024 10:51:44 PM;5;2;164.0;6457.31982421875;78;2.13700008392334;145;38.759354995563626;-90.57408409193158;2024-09-04 23:41:22Z
9/4/2024 10:51:44 PM;5;3;163.60000610351562;6472.2099609375;80;2.0989999771118164;147;38.75922943465412;-90.57402407750487;2024-09-04 23:41:29Z
9/4/2024 10:51:44 PM;5;4;163.39999389648438;6485.97021484375;80;2.0429999828338623;147;38.7591109983623;-90.57398359291255;2024-09-04 23:41:37Z
9/4/2024 10:51:44 PM;5;5;163.0;6506.419921875;81;2.193000078201294;147;38.7589299492538;-90.57393036782742;2024-09-04 23:41:44Z
9/4/2024 10:51:44 PM;5;6;163.1999969482422;6518.56982421875;79;2.2769999504089355;147;38.758824253454804;-90.57394981384277;2024-09-04 23:41:49Z
9/4/2024 10:51:44 PM;5;7;163.1999969482422;6520.77978515625;79;2.2860000133514404;147;38.75880656763911;-90.57396146468818;2024-09-04 23:41:50Z
9/4/2024 10:51:44 PM;5;8;163.60000610351562;6529.39990234375;78;2.305000066757202;144;38.7587362434715;-90.57400236837566;2024-09-04 23:41:54Z
9/4/2024 10:51:44 PM;5;9;163.8000030517578;6533.740234375;79;2.305000066757202;147;38.75869785435498;-90.57401326484978;2024-09-04 23:41:56Z
9/4/2024 10:51:44 PM;5;10;164.1999969482422;6549.56982421875;79;2.305000066757202;146;38.758557457476854;-90.5740347225219;2024-09-04 23:42:03Z
9/4/2024 10:51:44 PM;5;11;164.39999389648438;6567.6298828125;80;2.2860000133514404;146;38.75839602202177;-90.57400605641305;2024-09-04 23:42:11Z
9/4/2024 10:51:44 PM;5;12;164.39999389648438;6582.81982421875;78;2.305000066757202;147;38.758261827751994;-90.57398040778935;2024-09-04 23:42:18Z
9/4/2024 10:51:44 PM;5;13;164.60000610351562;6596.72021484375;78;2.2300000190734863;145;38.75814624130726;-90.57391301728785;2024-09-04 23:42:26Z
9/4/2024 10:51:44 PM;5;14;163.60000610351562;6612.990234375;78;2.0250000953674316;145;38.758129477500916;-90.57372618466616;2024-09-04 23:42:34Z
9/4/2024 10:51:44 PM;5;15;163.60000610351562;6630.66015625;79;2.062000036239624;143;38.758020931854844;-90.57357782498002;2024-09-04 23:42:42Z
9/4/2024 10:51:44 PM;5;16;163.60000610351562;6635.669921875;79;2.062000036239624;146;38.757988242432475;-90.57353784330189;2024-09-04 23:42:44Z
9/4/2024 10:51:44 PM;5;17;163.60000610351562;6640.669921875;80;2.0810000896453857;143;38.75794700346887;-90.5735151283443;2024-09-04 23:42:47Z
9/4/2024 10:51:44 PM;5;18;164.0;6650.97021484375;80;2.0989999771118164;143;38.75786335207522;-90.57346559129655;2024-09-04 23:42:51Z
9/4/2024 10:51:44 PM;5;19;163.8000030517578;6664.91015625;80;2.0429999828338623;145;38.75775212422013;-90.57339132763445;2024-09-04 23:43:00Z
9/4/2024 10:51:44 PM;5;20;163.8000030517578;6667.97021484375;81;2.00600004196167;142;38.75772446393967;-90.57338889688253;2024-09-04 23:43:02Z
9/4/2024 10:51:44 PM;5;21;164.0;6676.080078125;79;1.9129999876022339;143;38.75765380449593;-90.57336878031492;2024-09-04 23:43:06Z
9/4/2024 10:51:44 PM;5;22;164.60000610351562;6692.8798828125;79;1.930999994277954;144;38.75750167295337;-90.5733179859817;2024-09-04 23:43:13Z
9/4/2024 10:51:44 PM;5;23;165.0;6710.60009765625;79;2.015000104904175;146;38.75734157860279;-90.57331312447786;2024-09-04 23:43:20Z
9/4/2024 10:51:44 PM;5;24;165.39999389648438;6724.080078125;79;2.118000030517578;144;38.75725021585822;-90.57321237400174;2024-09-04 23:43:25Z
9/4/2024 10:51:44 PM;5;25;165.60000610351562;6740.2001953125;77;2.2950000762939453;144;38.7572134193033;-90.57303702458739;2024-09-04 23:43:33Z
9/4/2024 10:51:44 PM;5;26;165.39999389648438;6759.08984375;79;2.3889999389648438;144;38.75724317505956;-90.57282554917037;2024-09-04 23:43:41Z
9/4/2024 10:51:44 PM;5;27;166.0;6777.830078125;79;2.3420000076293945;144;38.7572755292058;-90.57261885143816;2024-09-04 23:43:49Z
9/4/2024 10:51:44 PM;5;28;166.1999969482422;6786.7099609375;80;2.305000066757202;147;38.757305117323995;-90.57252522557974;2024-09-04 23:43:53Z
9/4/2024 10:51:44 PM;5;29;166.1999969482422;6794.31982421875;80;2.305000066757202;148;38.757327077910304;-90.57244274765253;2024-09-04 23:43:56Z
9/4/2024 10:51:44 PM;5;30;166.1999969482422;6796.66015625;80;2.313999891281128;151;38.757335962727666;-90.57241802103817;2024-09-04 23:43:57Z
9/4/2024 10:51:44 PM;5;31;166.1999969482422;6798.5498046875;80;2.322999954223633;148;38.757337387651205;-90.57239597663283;2024-09-04 23:43:58Z
9/4/2024 10:51:44 PM;5;32;166.0;6807.56982421875;79;2.3329999446868896;144;38.7573497928679;-90.57229354977608;2024-09-04 23:44:03Z
9/4/2024 10:51:44 PM;5;33;166.0;6813.58984375;79;2.3329999446868896;145;38.75736613757908;-90.57222741656005;2024-09-04 23:44:06Z
9/4/2024 10:51:44 PM;5;34;166.0;6829.58984375;78;2.2860000133514404;145;38.757394133135676;-90.57204796001315;2024-09-04 23:44:14Z
9/4/2024 10:51:44 PM;5;35;166.39999389648438;6843.10009765625;79;2.249000072479248;146;38.75743235461414;-90.57189951650798;2024-09-04 23:44:21Z
9/4/2024 10:51:44 PM;5;36;167.0;6858.27978515625;79;2.2209999561309814;145;38.75746076926589;-90.57173288427293;2024-09-04 23:44:28Z
9/4/2024 10:51:44 PM;5;37;167.0;6874.35986328125;79;2.2109999656677246;147;38.75749580562115;-90.57155535556376;2024-09-04 23:44:35Z
9/4/2024 10:51:44 PM;5;38;167.0;6892.81005859375;80;2.2209999561309814;147;38.75752673484385;-90.5713458918035;2024-09-04 23:44:43Z
9/4/2024 10:51:44 PM;5;39;167.0;6908.22021484375;79;2.2109999656677246;147;38.75755263492465;-90.57117129676044;2024-09-04 23:44:50Z
9/4/2024 10:51:44 PM;5;40;167.60000610351562;6926.669921875;79;2.2019999027252197;146;38.75755263492465;-90.57096007280052;2024-09-04 23:44:59Z
9/4/2024 10:51:44 PM;5;41;167.60000610351562;6938.31982421875;78;2.193000078201294;143;38.75754626467824;-90.57082721963525;2024-09-04 23:45:05Z
9/4/2024 10:51:44 PM;5;42;167.60000610351562;6940.509765625;78;2.193000078201294;143;38.75754492357373;-90.57080182246864;2024-09-04 23:45:06Z
9/4/2024 10:51:44 PM;5;43;167.60000610351562;6960.68994140625;79;2.1740000247955322;143;38.75751835294068;-90.5705720745027;2024-09-04 23:45:15Z
9/4/2024 10:51:44 PM;5;44;167.39999389648438;6980.919921875;79;2.1740000247955322;142;38.75747677870095;-90.57034350000322;2024-09-04 23:45:23Z
9/4/2024 10:51:44 PM;5;45;167.39999389648438;6983.240234375;79;2.183000087738037;142;38.75747409649193;-90.5703170131892;2024-09-04 23:45:24Z
9/4/2024 10:51:44 PM;5;46;167.8000030517578;6990.759765625;79;2.193000078201294;145;38.757475186139345;-90.57022942230105;2024-09-04 23:45:28Z
9/4/2024 10:51:44 PM;5;47;167.60000610351562;7001.8701171875;80;2.2019999027252197;147;38.75744601711631;-90.57010754942894;2024-09-04 23:45:33Z
9/4/2024 10:51:44 PM;5;48;167.39999389648438;7014.580078125;80;2.2109999656677246;150;38.75740209594369;-90.56997310370207;2024-09-04 23:45:39Z
9/4/2024 10:51:44 PM;5;49;167.60000610351562;7019.990234375;80;2.2109999656677246;151;38.75738650560379;-90.56991409510374;2024-09-04 23:45:41Z
9/4/2024 10:51:44 PM;5;50;168.0;7035.39013671875;80;2.2109999656677246;149;38.7573410756886;-90.5697467084974;2024-09-04 23:45:48Z
9/4/2024 10:51:44 PM;5;51;168.39999389648438;7053.6201171875;80;2.2300000190734863;150;38.75727754086256;-90.5695537570864;2024-09-04 23:45:56Z
9/4/2024 10:51:44 PM;5;52;168.60000610351562;7074.35009765625;79;2.239000082015991;150;38.75720797106624;-90.56933239102364;2024-09-04 23:46:05Z
9/4/2024 10:51:44 PM;5;53;168.8000030517578;7078.68017578125;79;2.249000072479248;152;38.75719481147826;-90.56928545236588;2024-09-04 23:46:07Z
9/4/2024 10:51:44 PM;5;54;169.1999969482422;7097.97021484375;79;2.239000082015991;150;38.75715482980013;-90.5690701212734;2024-09-04 23:46:16Z
9/4/2024 10:51:44 PM;5;55;169.39999389648438;7116.41015625;79;2.2300000190734863;148;38.75711887143552;-90.56886359117925;2024-09-04 23:46:24Z
9/4/2024 10:51:44 PM;5;56;169.8000030517578;7133.39013671875;79;2.249000072479248;147;38.757071597501636;-90.56867751292884;2024-09-04 23:46:32Z
9/4/2024 10:51:44 PM;5;57;171.39999389648438;7153.22021484375;79;2.249000072479248;145;38.75703060999513;-90.56845530867577;2024-09-04 23:46:41Z
9/4/2024 10:51:44 PM;5;58;171.8000030517578;7161.64013671875;79;2.249000072479248;148;38.757014349102974;-90.56836059316993;2024-09-04 23:46:45Z
9/4/2024 10:51:44 PM;5;59;172.39999389648438;7169.9599609375;78;2.239000082015991;150;38.75700538046658;-90.5682653747499;2024-09-04 23:46:49Z
9/4/2024 10:51:44 PM;5;60;174.1999969482422;7190.97021484375;78;2.2209999561309814;153;38.756980737671256;-90.56802598759532;2024-09-04 23:46:59Z
9/4/2024 10:51:44 PM;5;61;175.39999389648438;7208.10009765625;78;2.2019999027252197;155;38.75695659779012;-90.56783127598464;2024-09-04 23:47:07Z
9/4/2024 10:51:44 PM;5;62;176.1999969482422;7225.330078125;78;2.193000078201294;156;38.756945030763745;-90.56763354688883;2024-09-04 23:47:15Z
9/4/2024 10:51:44 PM;5;63;176.8000030517578;7242.14013671875;79;2.193000078201294;156;38.756937151774764;-90.56744034402072;2024-09-04 23:47:23Z
9/4/2024 10:51:44 PM;5;64;178.1999969482422;7260.16015625;78;2.1649999618530273;160;38.756929440423846;-90.56723305955529;2024-09-04 23:47:32Z
9/4/2024 10:51:44 PM;5;65;178.39999389648438;7262.3798828125;79;2.1649999618530273;157;38.75692868605256;-90.56720749475062;2024-09-04 23:47:33Z
9/4/2024 10:51:44 PM;5;66;178.60000610351562;7264.60009765625;79;2.1549999713897705;156;38.75692868605256;-90.56718201376498;2024-09-04 23:47:34Z
9/4/2024 10:51:44 PM;5;67;179.39999389648438;7282.31982421875;79;2.13700008392334;155;38.75692625530064;-90.56697850115597;2024-09-04 23:47:43Z
9/4/2024 10:51:44 PM;5;68;180.60000610351562;7301.93017578125;78;2.118000030517578;154;38.75691317953169;-90.56675269268453;2024-09-04 23:47:52Z
9/4/2024 10:51:44 PM;5;69;182.0;7323.31005859375;80;2.127000093460083;155;38.7569163646549;-90.5665073543787;2024-09-04 23:48:01Z
9/4/2024 10:51:44 PM;5;70;182.39999389648438;7333.77001953125;79;2.1459999084472656;152;38.75690798275173;-90.56638740934432;2024-09-04 23:48:06Z
9/4/2024 10:51:44 PM;5;71;183.0;7344.8701171875;77;2.1459999084472656;154;38.75689608044922;-90.56626084260643;2024-09-04 23:48:11Z
9/4/2024 10:51:44 PM;5;72;183.39999389648438;7355.81982421875;80;2.1459999084472656;157;38.75689448788762;-90.56613486260176;2024-09-04 23:48:16Z
9/4/2024 10:51:44 PM;5;73;183.60000610351562;7361.91015625;79;2.1459999084472656;156;38.756891805678606;-90.56606478989124;2024-09-04 23:48:19Z
9/4/2024 10:51:44 PM;5;74;184.0;7374.08984375;79;2.127000093460083;159;38.75687194056809;-90.56592673994601;2024-09-04 23:48:25Z
9/4/2024 10:51:44 PM;5;75;184.1999969482422;7375.93017578125;78;2.127000093460083;159;38.75687437132001;-90.56590578518808;2024-09-04 23:48:26Z
9/4/2024 10:51:44 PM;5;76;184.1999969482422;7378.10986328125;78;2.127000093460083;159;38.75687621533871;-90.56588080711663;2024-09-04 23:48:27Z
9/4/2024 10:51:44 PM;5;77;184.8000030517578;7395.1201171875;79;2.1089999675750732;158;38.75685308128595;-90.56568768806756;2024-09-04 23:48:35Z
9/4/2024 10:51:44 PM;5;78;185.39999389648438;7415.1298828125;80;2.118000030517578;157;38.75685911625624;-90.56545718573034;2024-09-04 23:48:44Z
9/4/2024 10:51:44 PM;5;79;186.0;7433.72021484375;79;2.118000030517578;156;38.75685961917043;-90.56524386629462;2024-09-04 23:48:53Z
9/4/2024 10:51:44 PM;5;80;186.0;7450.8701171875;80;2.118000030517578;153;38.756872192025185;-90.56504722684622;2024-09-04 23:49:01Z
9/4/2024 10:51:44 PM;5;81;186.1999969482422;7460.02978515625;79;2.1089999675750732;152;38.7568732816726;-90.56494186632335;2024-09-04 23:49:06Z
9/4/2024 10:51:44 PM;5;82;186.8000030517578;7474.5498046875;79;2.071000099182129;149;38.756869258359075;-90.5647754855454;2024-09-04 23:49:13Z
9/4/2024 10:51:44 PM;5;83;186.8000030517578;7476.7001953125;79;2.071000099182129;148;38.756871186196804;-90.5647509265691;2024-09-04 23:49:14Z
9/4/2024 10:51:44 PM;5;84;186.8000030517578;7492.330078125;78;2.071000099182129;145;38.756858948618174;-90.56457180529833;2024-09-04 23:49:21Z
9/4/2024 10:51:44 PM;5;85;186.8000030517578;7494.4501953125;78;2.071000099182129;145;38.75685819424689;-90.56454733014107;2024-09-04 23:49:22Z
9/4/2024 10:51:44 PM;5;86;186.8000030517578;7515.47998046875;78;2.0810000896453857;145;38.75683883205056;-90.56430626660585;2024-09-04 23:49:32Z
9/4/2024 10:51:44 PM;5;87;186.8000030517578;7523.91015625;79;2.0810000896453857;148;38.75683908350766;-90.56420970708132;2024-09-04 23:49:36Z
9/4/2024 10:51:44 PM;5;88;186.8000030517578;7533.14013671875;79;2.0810000896453857;151;38.756845286116004;-90.56410375982523;2024-09-04 23:49:40Z
9/4/2024 10:51:44 PM;5;89;186.8000030517578;7543.47021484375;79;2.0899999141693115;154;38.756840927526355;-90.56398415006697;2024-09-04 23:49:45Z
9/4/2024 10:51:44 PM;5;90;186.8000030517578;7551.60986328125;78;2.0989999771118164;156;38.75683723948896;-90.56389044038951;2024-09-04 23:49:49Z
9/4/2024 10:51:44 PM;5;91;186.60000610351562;7553.81005859375;78;2.0989999771118164;153;38.75683673657477;-90.56386495940387;2024-09-04 23:49:50Z
9/4/2024 10:51:44 PM;5;92;186.60000610351562;7555.8798828125;78;2.0989999771118164;156;38.75683765858412;-90.56384115479887;2024-09-04 23:49:51Z
9/4/2024 10:51:44 PM;5;93;186.1999969482422;7567.3798828125;78;2.0899999141693115;159;38.75683916732669;-90.56370888836682;2024-09-04 23:49:56Z
9/4/2024 10:51:44 PM;5;94;186.0;7569.509765625;79;2.0899999141693115;160;38.75683925114572;-90.5636842455715;2024-09-04 23:49:57Z
9/4/2024 10:51:44 PM;5;95;185.8000030517578;7576.39013671875;79;2.0989999771118164;163;38.75683397054672;-90.56360595859587;2024-09-04 23:50:00Z
9/4/2024 10:51:44 PM;5;96;185.8000030517578;7578.68994140625;79;2.0989999771118164;160;38.756831623613834;-90.56357955560088;2024-09-04 23:50:01Z
9/4/2024 10:51:44 PM;5;97;185.8000030517578;7589.56005859375;79;2.118000030517578;157;38.756824750453234;-90.56345466524363;2024-09-04 23:50:06Z
9/4/2024 10:51:44 PM;5;98;186.0;7593.8701171875;79;2.118000030517578;154;38.756815949454904;-90.56340605020523;2024-09-04 23:50:08Z
9/4/2024 10:51:44 PM;5;99;185.60000610351562;7604.47021484375;80;2.118000030517578;151;38.756824750453234;-90.56328509934247;2024-09-04 23:50:13Z
9/4/2024 10:51:44 PM;5;100;185.0;7620.1298828125;79;2.118000030517578;149;38.75682030804455;-90.56310480460525;2024-09-04 23:50:20Z
9/4/2024 10:51:44 PM;5;101;184.1999969482422;7639.22998046875;79;2.127000093460083;149;38.75682248733938;-90.56288553401828;2024-09-04 23:50:29Z
9/4/2024 10:51:44 PM;5;102;184.1999969482422;7652.31005859375;78;2.127000093460083;146;38.75682592391968;-90.56273482739925;2024-09-04 23:50:35Z
9/4/2024 10:51:44 PM;5;103;184.60000610351562;7659.02978515625;79;2.13700008392334;145;38.756819469854236;-90.56265788152814;2024-09-04 23:50:38Z
9/4/2024 10:51:44 PM;5;104;185.0;7675.72021484375;78;2.13700008392334;146;38.75680387951434;-90.56246660649776;2024-09-04 23:50:46Z
9/4/2024 10:51:44 PM;5;105;185.0;7687.75;78;2.127000093460083;146;38.75680706463754;-90.56232813745737;2024-09-04 23:50:52Z
9/4/2024 10:51:44 PM;5;106;185.8000030517578;7704.4599609375;80;2.127000093460083;147;38.75680798664689;-90.56213594041765;2024-09-04 23:51:00Z
9/4/2024 10:51:44 PM;5;107;187.0;7718.580078125;79;2.118000030517578;148;38.756808657199144;-90.56197400204837;2024-09-04 23:51:07Z
9/4/2024 10:51:44 PM;5;108;187.0;7738.68994140625;79;2.0989999771118164;152;38.75681125558913;-90.56174232624471;2024-09-04 23:51:16Z
9/4/2024 10:51:44 PM;5;109;187.0;7740.75;80;2.0989999771118164;151;38.75681133940816;-90.56171843782067;2024-09-04 23:51:17Z
9/4/2024 10:51:44 PM;5;110;187.0;7761.66015625;78;2.118000030517578;150;38.75680438242853;-90.56147796101868;2024-09-04 23:51:27Z
9/4/2024 10:51:44 PM;5;111;187.0;7763.7099609375;79;2.118000030517578;150;38.75680455006659;-90.56145432405174;2024-09-04 23:51:28Z
9/4/2024 10:51:44 PM;5;112;187.0;7780.759765625;79;2.1089999675750732;150;38.756801364943385;-90.56125869043171;2024-09-04 23:51:36Z
9/4/2024 10:51:44 PM;5;113;187.0;7800.4501953125;79;2.1089999675750732;150;38.75677806325257;-90.56103564798832;2024-09-04 23:51:45Z
9/4/2024 10:51:44 PM;5;114;186.39999389648438;7814.0400390625;79;2.118000030517578;152;38.75678141601384;-90.56087924167514;2024-09-04 23:51:51Z
9/4/2024 10:51:44 PM;5;115;185.8000030517578;7828.77001953125;79;2.118000030517578;153;38.756783343851566;-90.5607105139643;2024-09-04 23:51:58Z
9/4/2024 10:51:44 PM;5;116;185.1999969482422;7841.419921875;80;2.118000030517578;149;38.75678166747093;-90.56056559085846;2024-09-04 23:52:04Z
9/4/2024 10:51:44 PM;5;117;185.39999389648438;7847.5400390625;79;2.118000030517578;146;38.75678007490933;-90.56049509905279;2024-09-04 23:52:07Z
9/4/2024 10:51:44 PM;5;118;185.1999969482422;7868.3798828125;79;2.118000030517578;148;38.75678166747093;-90.56025571189821;2024-09-04 23:52:17Z
9/4/2024 10:51:44 PM;5;119;185.1999969482422;7885.14013671875;78;2.0899999141693115;148;38.75679071992636;-90.56006368249655;2024-09-04 23:52:26Z
9/4/2024 10:51:44 PM;5;120;185.8000030517578;7896.4599609375;79;2.071000099182129;152;38.756794072687626;-90.55993418209255;2024-09-04 23:52:32Z
9/4/2024 10:51:44 PM;5;121;186.1999969482422;7900.68017578125;78;2.062000036239624;152;38.75679801218212;-90.55988598614931;2024-09-04 23:52:34Z
9/4/2024 10:51:44 PM;5;122;187.0;7912.580078125;79;2.052999973297119;155;38.75681544654071;-90.55975154042244;2024-09-04 23:52:40Z
9/4/2024 10:51:44 PM;5;123;187.1999969482422;7919.08984375;79;2.0429999828338623;153;38.756822403520346;-90.55967685766518;2024-09-04 23:52:43Z
9/4/2024 10:51:44 PM;5;124;187.39999389648438;7927.39990234375;80;2.0429999828338623;150;38.75683229416609;-90.55958205834031;2024-09-04 23:52:47Z
9/4/2024 10:51:44 PM;5;125;187.60000610351562;7939.27978515625;80;2.0429999828338623;149;38.756844867020845;-90.55944576859474;2024-09-04 23:52:53Z
9/4/2024 10:51:44 PM;5;126;186.8000030517578;7956.4501953125;79;2.0250000953674316;151;38.75685182400048;-90.55924862623215;2024-09-04 23:53:02Z
9/4/2024 10:51:44 PM;5;127;186.1999969482422;7968.41015625;79;2.00600004196167;148;38.756872192025185;-90.55911350995302;2024-09-04 23:53:08Z
9/4/2024 10:51:44 PM;5;128;185.60000610351562;7974.1201171875;79;1.996999979019165;146;38.75688795000315;-90.55905148386955;2024-09-04 23:53:11Z
9/4/2024 10:51:44 PM;5;129;185.0;7982.68017578125;80;1.9869999885559082;143;38.75690680928528;-90.55895651690662;2024-09-04 23:53:15Z
9/4/2024 10:51:44 PM;5;130;184.60000610351562;7986.77978515625;79;1.9869999885559082;143;38.75691871158779;-90.55891226045787;2024-09-04 23:53:17Z
9/4/2024 10:51:44 PM;5;131;184.60000610351562;7987.830078125;79;1.9869999885559082;143;38.7569282669574;-90.55891217663884;2024-09-04 23:53:18Z
9/4/2024 10:51:44 PM;5;132;184.8000030517578;7992.31005859375;76;1.9589999914169312;141;38.756924495100975;-90.55896028876305;2024-09-04 23:53:21Z
9/4/2024 10:51:44 PM;5;133;185.0;7994.41015625;76;1.930999994277954;141;38.7569179572165;-90.55898308753967;2024-09-04 23:53:22Z
9/4/2024 10:51:44 PM;5;134;186.8000030517578;8016.169921875;80;1.940999984741211;140;38.756858110427856;-90.55922079831362;2024-09-04 23:53:31Z
9/4/2024 10:51:44 PM;5;135;187.8000030517578;8036.7001953125;79;2.0899999141693115;142;38.75681024976075;-90.55944861844182;2024-09-04 23:53:39Z
9/4/2024 10:51:44 PM;5;136;188.0;8039.39013671875;80;2.1089999675750732;143;38.75680513679981;-90.5594789609313;2024-09-04 23:53:40Z
9/4/2024 10:51:44 PM;5;137;187.8000030517578;8048.85009765625;79;2.2109999656677246;143;38.75678024254739;-90.55958289653063;2024-09-04 23:53:44Z
9/4/2024 10:51:44 PM;6;1;187.60000610351562;8057.47998046875;78;2.2300000190734863;145;38.75676607713103;-90.55968004278839;2024-09-04 23:53:48Z